audio_path,transcript,emotion
data/raw/TESS Toronto emotional speech set data\OAF_angry\OAF_back_angry.wav,back,angry
data/raw/TESS Toronto emotional speech set data\OAF_angry\OAF_bar_angry.wav,bar,angry
data/raw/TESS Toronto emotional speech set data\OAF_angry\OAF_base_angry.wav,base,angry
data/raw/TESS Toronto emotional speech set data\OAF_angry\OAF_bath_angry.wav,bath,angry
data/raw/TESS Toronto emotional speech set data\OAF_angry\OAF_bean_angry.wav,bean,angry
data/raw/TESS Toronto emotional speech set data\OAF_angry\OAF_beg_angry.wav,beg,angry
data/raw/TESS Toronto emotional speech set data\OAF_angry\OAF_bite_angry.wav,bite,angry
data/raw/TESS Toronto emotional speech set data\OAF_angry\OAF_boat_angry.wav,boat,angry
data/raw/TESS Toronto emotional speech set data\OAF_angry\OAF_bone_angry.wav,bone,angry
data/raw/TESS Toronto emotional speech set data\OAF_angry\OAF_book_angry.wav,book,angry
data/raw/TESS Toronto emotional speech set data\OAF_angry\OAF_bought_angry.wav,bought,angry
data/raw/TESS Toronto emotional speech set data\OAF_angry\OAF_burn_angry.wav,burn,angry
data/raw/TESS Toronto emotional speech set data\OAF_angry\OAF_cab_angry.wav,cab,angry
data/raw/TESS Toronto emotional speech set data\OAF_angry\OAF_calm_angry.wav,calm,angry
data/raw/TESS Toronto emotional speech set data\OAF_angry\OAF_came_angry.wav,came,angry
data/raw/TESS Toronto emotional speech set data\OAF_angry\OAF_cause_angry.wav,cause,angry
data/raw/TESS Toronto emotional speech set data\OAF_angry\OAF_chain_angry.wav,chain,angry
data/raw/TESS Toronto emotional speech set data\OAF_angry\OAF_chair_angry.wav,chair,angry
data/raw/TESS Toronto emotional speech set data\OAF_angry\OAF_chalk_angry.wav,chalk,angry
data/raw/TESS Toronto emotional speech set data\OAF_angry\OAF_chat_angry.wav,chat,angry
data/raw/TESS Toronto emotional speech set data\OAF_angry\OAF_check_angry.wav,check,angry
data/raw/TESS Toronto emotional speech set data\OAF_angry\OAF_cheek_angry.wav,cheek,angry
data/raw/TESS Toronto emotional speech set data\OAF_angry\OAF_chief_angry.wav,chief,angry
data/raw/TESS Toronto emotional speech set data\OAF_angry\OAF_choice_angry.wav,choice,angry
data/raw/TESS Toronto emotional speech set data\OAF_angry\OAF_cool_angry.wav,cool,angry
data/raw/TESS Toronto emotional speech set data\OAF_angry\OAF_dab_angry.wav,dab,angry
data/raw/TESS Toronto emotional speech set data\OAF_angry\OAF_date_angry.wav,date,angry
data/raw/TESS Toronto emotional speech set data\OAF_angry\OAF_dead_angry.wav,dead,angry
data/raw/TESS Toronto emotional speech set data\OAF_angry\OAF_death_angry.wav,death,angry
data/raw/TESS Toronto emotional speech set data\OAF_angry\OAF_deep_angry.wav,deep,angry
data/raw/TESS Toronto emotional speech set data\OAF_angry\OAF_dime_angry.wav,dime,angry
data/raw/TESS Toronto emotional speech set data\OAF_angry\OAF_dip_angry.wav,dip,angry
data/raw/TESS Toronto emotional speech set data\OAF_angry\OAF_ditch_angry.wav,ditch,angry
data/raw/TESS Toronto emotional speech set data\OAF_angry\OAF_dodge_angry.wav,dodge,angry
data/raw/TESS Toronto emotional speech set data\OAF_angry\OAF_dog_angry.wav,dog,angry
data/raw/TESS Toronto emotional speech set data\OAF_angry\OAF_doll_angry.wav,doll,angry
data/raw/TESS Toronto emotional speech set data\OAF_angry\OAF_door_angry.wav,door,angry
data/raw/TESS Toronto emotional speech set data\OAF_angry\OAF_fail_angry.wav,fail,angry
data/raw/TESS Toronto emotional speech set data\OAF_angry\OAF_fall_angry.wav,fall,angry
data/raw/TESS Toronto emotional speech set data\OAF_angry\OAF_far_angry.wav,far,angry
data/raw/TESS Toronto emotional speech set data\OAF_angry\OAF_fat_angry.wav,fat,angry
data/raw/TESS Toronto emotional speech set data\OAF_angry\OAF_fit_angry.wav,fit,angry
data/raw/TESS Toronto emotional speech set data\OAF_angry\OAF_five_angry.wav,five,angry
data/raw/TESS Toronto emotional speech set data\OAF_angry\OAF_food_angry.wav,food,angry
data/raw/TESS Toronto emotional speech set data\OAF_angry\OAF_gap_angry.wav,gap,angry
data/raw/TESS Toronto emotional speech set data\OAF_angry\OAF_gas_angry.wav,gas,angry
data/raw/TESS Toronto emotional speech set data\OAF_angry\OAF_gaze_angry.wav,gaze,angry
data/raw/TESS Toronto emotional speech set data\OAF_angry\OAF_germ_angry.wav,germ,angry
data/raw/TESS Toronto emotional speech set data\OAF_angry\OAF_get_angry.wav,get,angry
data/raw/TESS Toronto emotional speech set data\OAF_angry\OAF_gin_angry.wav,gin,angry
data/raw/TESS Toronto emotional speech set data\OAF_angry\OAF_goal_angry.wav,goal,angry
data/raw/TESS Toronto emotional speech set data\OAF_angry\OAF_good_angry.wav,good,angry
data/raw/TESS Toronto emotional speech set data\OAF_angry\OAF_goose_angry.wav,goose,angry
data/raw/TESS Toronto emotional speech set data\OAF_angry\OAF_gun_angry.wav,gun,angry
data/raw/TESS Toronto emotional speech set data\OAF_angry\OAF_half_angry.wav,half,angry
data/raw/TESS Toronto emotional speech set data\OAF_angry\OAF_hall_angry.wav,hall,angry
data/raw/TESS Toronto emotional speech set data\OAF_angry\OAF_hash_angry.wav,hash,angry
data/raw/TESS Toronto emotional speech set data\OAF_angry\OAF_hate_angry.wav,hate,angry
data/raw/TESS Toronto emotional speech set data\OAF_angry\OAF_have_angry.wav,have,angry
data/raw/TESS Toronto emotional speech set data\OAF_angry\OAF_haze_angry.wav,haze,angry
data/raw/TESS Toronto emotional speech set data\OAF_angry\OAF_hire_angry.wav,hire,angry
data/raw/TESS Toronto emotional speech set data\OAF_angry\OAF_hit_angry.wav,hit,angry
data/raw/TESS Toronto emotional speech set data\OAF_angry\OAF_hole_angry.wav,hole,angry
data/raw/TESS Toronto emotional speech set data\OAF_angry\OAF_home_angry.wav,home,angry
data/raw/TESS Toronto emotional speech set data\OAF_angry\OAF_hurl_angry.wav,hurl,angry
data/raw/TESS Toronto emotional speech set data\OAF_angry\OAF_hush_angry.wav,hush,angry
data/raw/TESS Toronto emotional speech set data\OAF_angry\OAF_jail_angry.wav,jail,angry
data/raw/TESS Toronto emotional speech set data\OAF_angry\OAF_jar_angry.wav,jar,angry
data/raw/TESS Toronto emotional speech set data\OAF_angry\OAF_join_angry.wav,join,angry
data/raw/TESS Toronto emotional speech set data\OAF_angry\OAF_judge_angry.wav,judge,angry
data/raw/TESS Toronto emotional speech set data\OAF_angry\OAF_jug_angry.wav,jug,angry
data/raw/TESS Toronto emotional speech set data\OAF_angry\OAF_juice_angry.wav,juice,angry
data/raw/TESS Toronto emotional speech set data\OAF_angry\OAF_keen_angry.wav,keen,angry
data/raw/TESS Toronto emotional speech set data\OAF_angry\OAF_keep_angry.wav,keep,angry
data/raw/TESS Toronto emotional speech set data\OAF_angry\OAF_keg_angry.wav,keg,angry
data/raw/TESS Toronto emotional speech set data\OAF_angry\OAF_kick_angry.wav,kick,angry
data/raw/TESS Toronto emotional speech set data\OAF_angry\OAF_kill_angry.wav,kill,angry
data/raw/TESS Toronto emotional speech set data\OAF_angry\OAF_king_angry.wav,king,angry
data/raw/TESS Toronto emotional speech set data\OAF_angry\OAF_kite_angry.wav,kite,angry
data/raw/TESS Toronto emotional speech set data\OAF_angry\OAF_knock_angry.wav,knock,angry
data/raw/TESS Toronto emotional speech set data\OAF_angry\OAF_late_angry.wav,late,angry
data/raw/TESS Toronto emotional speech set data\OAF_angry\OAF_laud_angry.wav,laud,angry
data/raw/TESS Toronto emotional speech set data\OAF_angry\OAF_lean_angry.wav,lean,angry
data/raw/TESS Toronto emotional speech set data\OAF_angry\OAF_learn_angry.wav,learn,angry
data/raw/TESS Toronto emotional speech set data\OAF_angry\OAF_lease_angry.wav,lease,angry
data/raw/TESS Toronto emotional speech set data\OAF_angry\OAF_lid_angry.wav,lid,angry
data/raw/TESS Toronto emotional speech set data\OAF_angry\OAF_life_angry.wav,life,angry
data/raw/TESS Toronto emotional speech set data\OAF_angry\OAF_limb_angry.wav,limb,angry
data/raw/TESS Toronto emotional speech set data\OAF_angry\OAF_live_angry.wav,live,angry
data/raw/TESS Toronto emotional speech set data\OAF_angry\OAF_loaf_angry.wav,loaf,angry
data/raw/TESS Toronto emotional speech set data\OAF_angry\OAF_long_angry.wav,long,angry
data/raw/TESS Toronto emotional speech set data\OAF_angry\OAF_lore_angry.wav,lore,angry
data/raw/TESS Toronto emotional speech set data\OAF_angry\OAF_lose_angry.wav,lose,angry
data/raw/TESS Toronto emotional speech set data\OAF_angry\OAF_lot_angry.wav,lot,angry
data/raw/TESS Toronto emotional speech set data\OAF_angry\OAF_love_angry.wav,love,angry
data/raw/TESS Toronto emotional speech set data\OAF_angry\OAF_luck_angry.wav,luck,angry
data/raw/TESS Toronto emotional speech set data\OAF_angry\OAF_make_angry.wav,make,angry
data/raw/TESS Toronto emotional speech set data\OAF_angry\OAF_match_angry.wav,match,angry
data/raw/TESS Toronto emotional speech set data\OAF_angry\OAF_merge_angry.wav,merge,angry
data/raw/TESS Toronto emotional speech set data\OAF_angry\OAF_mess_angry.wav,mess,angry
data/raw/TESS Toronto emotional speech set data\OAF_angry\OAF_met_angry.wav,met,angry
data/raw/TESS Toronto emotional speech set data\OAF_angry\OAF_mill_angry.wav,mill,angry
data/raw/TESS Toronto emotional speech set data\OAF_angry\OAF_mob_angry.wav,mob,angry
data/raw/TESS Toronto emotional speech set data\OAF_angry\OAF_mode_angry.wav,mode,angry
data/raw/TESS Toronto emotional speech set data\OAF_angry\OAF_mood_angry.wav,mood,angry
data/raw/TESS Toronto emotional speech set data\OAF_angry\OAF_moon_angry.wav,moon,angry
data/raw/TESS Toronto emotional speech set data\OAF_angry\OAF_mop_angry.wav,mop,angry
data/raw/TESS Toronto emotional speech set data\OAF_angry\OAF_mouse_angry.wav,mouse,angry
data/raw/TESS Toronto emotional speech set data\OAF_angry\OAF_nag_angry.wav,nag,angry
data/raw/TESS Toronto emotional speech set data\OAF_angry\OAF_name_angry.wav,name,angry
data/raw/TESS Toronto emotional speech set data\OAF_angry\OAF_near_angry.wav,near,angry
data/raw/TESS Toronto emotional speech set data\OAF_angry\OAF_neat_angry.wav,neat,angry
data/raw/TESS Toronto emotional speech set data\OAF_angry\OAF_nice_angry.wav,nice,angry
data/raw/TESS Toronto emotional speech set data\OAF_angry\OAF_note_angry.wav,note,angry
data/raw/TESS Toronto emotional speech set data\OAF_angry\OAF_numb_angry.wav,numb,angry
data/raw/TESS Toronto emotional speech set data\OAF_angry\OAF_pad_angry.wav,pad,angry
data/raw/TESS Toronto emotional speech set data\OAF_angry\OAF_page_angry.wav,page,angry
data/raw/TESS Toronto emotional speech set data\OAF_angry\OAF_pain_angry.wav,pain,angry
data/raw/TESS Toronto emotional speech set data\OAF_angry\OAF_pass_angry.wav,pass,angry
data/raw/TESS Toronto emotional speech set data\OAF_angry\OAF_pearl_angry.wav,pearl,angry
data/raw/TESS Toronto emotional speech set data\OAF_angry\OAF_peg_angry.wav,peg,angry
data/raw/TESS Toronto emotional speech set data\OAF_angry\OAF_perch_angry.wav,perch,angry
data/raw/TESS Toronto emotional speech set data\OAF_angry\OAF_phone_angry.wav,phone,angry
data/raw/TESS Toronto emotional speech set data\OAF_angry\OAF_pick_angry.wav,pick,angry
data/raw/TESS Toronto emotional speech set data\OAF_angry\OAF_pike_angry.wav,pike,angry
data/raw/TESS Toronto emotional speech set data\OAF_angry\OAF_pole_angry.wav,pole,angry
data/raw/TESS Toronto emotional speech set data\OAF_angry\OAF_pool_angry.wav,pool,angry
data/raw/TESS Toronto emotional speech set data\OAF_angry\OAF_puff_angry.wav,puff,angry
data/raw/TESS Toronto emotional speech set data\OAF_angry\OAF_rag_angry.wav,rag,angry
data/raw/TESS Toronto emotional speech set data\OAF_angry\OAF_raid_angry.wav,raid,angry
data/raw/TESS Toronto emotional speech set data\OAF_angry\OAF_rain_angry.wav,rain,angry
data/raw/TESS Toronto emotional speech set data\OAF_angry\OAF_raise_angry.wav,raise,angry
data/raw/TESS Toronto emotional speech set data\OAF_angry\OAF_rat_angry.wav,rat,angry
data/raw/TESS Toronto emotional speech set data\OAF_angry\OAF_reach_angry.wav,reach,angry
data/raw/TESS Toronto emotional speech set data\OAF_angry\OAF_read_angry.wav,read,angry
data/raw/TESS Toronto emotional speech set data\OAF_angry\OAF_red_angry.wav,red,angry
data/raw/TESS Toronto emotional speech set data\OAF_angry\OAF_ring_angry.wav,ring,angry
data/raw/TESS Toronto emotional speech set data\OAF_angry\OAF_ripe_angry.wav,ripe,angry
data/raw/TESS Toronto emotional speech set data\OAF_angry\OAF_road_angry.wav,road,angry
data/raw/TESS Toronto emotional speech set data\OAF_angry\OAF_room_angry.wav,room,angry
data/raw/TESS Toronto emotional speech set data\OAF_angry\OAF_rose_angry.wav,rose,angry
data/raw/TESS Toronto emotional speech set data\OAF_angry\OAF_rot_angry.wav,rot,angry
data/raw/TESS Toronto emotional speech set data\OAF_angry\OAF_rough_angry.wav,rough,angry
data/raw/TESS Toronto emotional speech set data\OAF_angry\OAF_rush_angry.wav,rush,angry
data/raw/TESS Toronto emotional speech set data\OAF_angry\OAF_said_angry.wav,said,angry
data/raw/TESS Toronto emotional speech set data\OAF_angry\OAF_sail_angry.wav,sail,angry
data/raw/TESS Toronto emotional speech set data\OAF_angry\OAF_search_angry.wav,search,angry
data/raw/TESS Toronto emotional speech set data\OAF_angry\OAF_seize_angry.wav,seize,angry
data/raw/TESS Toronto emotional speech set data\OAF_angry\OAF_sell_angry.wav,sell,angry
data/raw/TESS Toronto emotional speech set data\OAF_angry\OAF_shack_angry.wav,shack,angry
data/raw/TESS Toronto emotional speech set data\OAF_angry\OAF_shall_angry.wav,shall,angry
data/raw/TESS Toronto emotional speech set data\OAF_angry\OAF_shawl_angry.wav,shawl,angry
data/raw/TESS Toronto emotional speech set data\OAF_angry\OAF_sheep_angry.wav,sheep,angry
data/raw/TESS Toronto emotional speech set data\OAF_angry\OAF_shirt_angry.wav,shirt,angry
data/raw/TESS Toronto emotional speech set data\OAF_angry\OAF_should_angry.wav,should,angry
data/raw/TESS Toronto emotional speech set data\OAF_angry\OAF_shout_angry.wav,shout,angry
data/raw/TESS Toronto emotional speech set data\OAF_angry\OAF_size_angry.wav,size,angry
data/raw/TESS Toronto emotional speech set data\OAF_angry\OAF_soap_angry.wav,soap,angry
data/raw/TESS Toronto emotional speech set data\OAF_angry\OAF_soup_angry.wav,soup,angry
data/raw/TESS Toronto emotional speech set data\OAF_angry\OAF_sour_angry.wav,sour,angry
data/raw/TESS Toronto emotional speech set data\OAF_angry\OAF_south_angry.wav,south,angry
data/raw/TESS Toronto emotional speech set data\OAF_angry\OAF_sub_angry.wav,sub,angry
data/raw/TESS Toronto emotional speech set data\OAF_angry\OAF_such_angry.wav,such,angry
data/raw/TESS Toronto emotional speech set data\OAF_angry\OAF_sure_angry.wav,sure,angry
data/raw/TESS Toronto emotional speech set data\OAF_angry\OAF_take_angry.wav,take,angry
data/raw/TESS Toronto emotional speech set data\OAF_angry\OAF_talk_angry.wav,talk,angry
data/raw/TESS Toronto emotional speech set data\OAF_angry\OAF_tape_angry.wav,tape,angry
data/raw/TESS Toronto emotional speech set data\OAF_angry\OAF_team_angry.wav,team,angry
data/raw/TESS Toronto emotional speech set data\OAF_angry\OAF_tell_angry.wav,tell,angry
data/raw/TESS Toronto emotional speech set data\OAF_angry\OAF_thin_angry.wav,thin,angry
data/raw/TESS Toronto emotional speech set data\OAF_angry\OAF_third_angry.wav,third,angry
data/raw/TESS Toronto emotional speech set data\OAF_angry\OAF_thought_angry.wav,thought,angry
data/raw/TESS Toronto emotional speech set data\OAF_angry\OAF_thumb_angry.wav,thumb,angry
data/raw/TESS Toronto emotional speech set data\OAF_angry\OAF_time_angry.wav,time,angry
data/raw/TESS Toronto emotional speech set data\OAF_angry\OAF_tip_angry.wav,tip,angry
data/raw/TESS Toronto emotional speech set data\OAF_angry\OAF_tire_angry.wav,tire,angry
data/raw/TESS Toronto emotional speech set data\OAF_angry\OAF_ton_angry.wav,ton,angry
data/raw/TESS Toronto emotional speech set data\OAF_angry\OAF_tool_angry.wav,tool,angry
data/raw/TESS Toronto emotional speech set data\OAF_angry\OAF_tough_angry.wav,tough,angry
data/raw/TESS Toronto emotional speech set data\OAF_angry\OAF_turn_angry.wav,turn,angry
data/raw/TESS Toronto emotional speech set data\OAF_angry\OAF_vine_angry.wav,vine,angry
data/raw/TESS Toronto emotional speech set data\OAF_angry\OAF_voice_angry.wav,voice,angry
data/raw/TESS Toronto emotional speech set data\OAF_angry\OAF_void_angry.wav,void,angry
data/raw/TESS Toronto emotional speech set data\OAF_angry\OAF_vote_angry.wav,vote,angry
data/raw/TESS Toronto emotional speech set data\OAF_angry\OAF_wag_angry.wav,wag,angry
data/raw/TESS Toronto emotional speech set data\OAF_angry\OAF_walk_angry.wav,walk,angry
data/raw/TESS Toronto emotional speech set data\OAF_angry\OAF_wash_angry.wav,wash,angry
data/raw/TESS Toronto emotional speech set data\OAF_angry\OAF_week_angry.wav,week,angry
data/raw/TESS Toronto emotional speech set data\OAF_angry\OAF_wheat_angry.wav,wheat,angry
data/raw/TESS Toronto emotional speech set data\OAF_angry\OAF_when_angry.wav,when,angry
data/raw/TESS Toronto emotional speech set data\OAF_angry\OAF_which_angry.wav,which,angry
data/raw/TESS Toronto emotional speech set data\OAF_angry\OAF_whip_angry.wav,whip,angry
data/raw/TESS Toronto emotional speech set data\OAF_angry\OAF_white_angry.wav,white,angry
data/raw/TESS Toronto emotional speech set data\OAF_angry\OAF_wife_angry.wav,wife,angry
data/raw/TESS Toronto emotional speech set data\OAF_angry\OAF_wire_angry.wav,wire,angry
data/raw/TESS Toronto emotional speech set data\OAF_angry\OAF_witch_angry.wav,witch,angry
data/raw/TESS Toronto emotional speech set data\OAF_angry\OAF_yearn_angry.wav,yearn,angry
data/raw/TESS Toronto emotional speech set data\OAF_angry\OAF_yes_angry.wav,yes,angry
data/raw/TESS Toronto emotional speech set data\OAF_angry\OAF_young_angry.wav,young,angry
data/raw/TESS Toronto emotional speech set data\OAF_angry\OAF_youth_angry.wav,youth,angry
data/raw/TESS Toronto emotional speech set data\OAF_disgust\OAF_back_disgust.wav,back,disgust
data/raw/TESS Toronto emotional speech set data\OAF_disgust\OAF_bar_disgust.wav,bar,disgust
data/raw/TESS Toronto emotional speech set data\OAF_disgust\OAF_base_disgust.wav,base,disgust
data/raw/TESS Toronto emotional speech set data\OAF_disgust\OAF_bath_disgust.wav,bath,disgust
data/raw/TESS Toronto emotional speech set data\OAF_disgust\OAF_bean_disgust.wav,bean,disgust
data/raw/TESS Toronto emotional speech set data\OAF_disgust\OAF_beg_disgust.wav,beg,disgust
data/raw/TESS Toronto emotional speech set data\OAF_disgust\OAF_bite_disgust.wav,bite,disgust
data/raw/TESS Toronto emotional speech set data\OAF_disgust\OAF_boat_disgust.wav,boat,disgust
data/raw/TESS Toronto emotional speech set data\OAF_disgust\OAF_bone_disgust.wav,bone,disgust
data/raw/TESS Toronto emotional speech set data\OAF_disgust\OAF_book_disgust.wav,book,disgust
data/raw/TESS Toronto emotional speech set data\OAF_disgust\OAF_bought_disgust.wav,bought,disgust
data/raw/TESS Toronto emotional speech set data\OAF_disgust\OAF_burn_disgust.wav,burn,disgust
data/raw/TESS Toronto emotional speech set data\OAF_disgust\OAF_cab_disgust.wav,cab,disgust
data/raw/TESS Toronto emotional speech set data\OAF_disgust\OAF_calm_disgust.wav,calm,disgust
data/raw/TESS Toronto emotional speech set data\OAF_disgust\OAF_came_disgust.wav,came,disgust
data/raw/TESS Toronto emotional speech set data\OAF_disgust\OAF_cause_disgust.wav,cause,disgust
data/raw/TESS Toronto emotional speech set data\OAF_disgust\OAF_chain_disgust.wav,chain,disgust
data/raw/TESS Toronto emotional speech set data\OAF_disgust\OAF_chair_disgust.wav,chair,disgust
data/raw/TESS Toronto emotional speech set data\OAF_disgust\OAF_chalk_disgust.wav,chalk,disgust
data/raw/TESS Toronto emotional speech set data\OAF_disgust\OAF_chat_disgust.wav,chat,disgust
data/raw/TESS Toronto emotional speech set data\OAF_disgust\OAF_check_disgust.wav,check,disgust
data/raw/TESS Toronto emotional speech set data\OAF_disgust\OAF_cheek_disgust.wav,cheek,disgust
data/raw/TESS Toronto emotional speech set data\OAF_disgust\OAF_chief_disgust.wav,chief,disgust
data/raw/TESS Toronto emotional speech set data\OAF_disgust\OAF_choice_disgust.wav,choice,disgust
data/raw/TESS Toronto emotional speech set data\OAF_disgust\OAF_cool_disgust.wav,cool,disgust
data/raw/TESS Toronto emotional speech set data\OAF_disgust\OAF_dab_disgust.wav,dab,disgust
data/raw/TESS Toronto emotional speech set data\OAF_disgust\OAF_date_disgust.wav,date,disgust
data/raw/TESS Toronto emotional speech set data\OAF_disgust\OAF_dead_disgust.wav,dead,disgust
data/raw/TESS Toronto emotional speech set data\OAF_disgust\OAF_death_disgust.wav,death,disgust
data/raw/TESS Toronto emotional speech set data\OAF_disgust\OAF_deep_disgust.wav,deep,disgust
data/raw/TESS Toronto emotional speech set data\OAF_disgust\OAF_dime_disgust.wav,dime,disgust
data/raw/TESS Toronto emotional speech set data\OAF_disgust\OAF_dip_disgust.wav,dip,disgust
data/raw/TESS Toronto emotional speech set data\OAF_disgust\OAF_ditch_disgust.wav,ditch,disgust
data/raw/TESS Toronto emotional speech set data\OAF_disgust\OAF_dodge_disgust.wav,dodge,disgust
data/raw/TESS Toronto emotional speech set data\OAF_disgust\OAF_dog_disgust.wav,dog,disgust
data/raw/TESS Toronto emotional speech set data\OAF_disgust\OAF_doll_disgust.wav,doll,disgust
data/raw/TESS Toronto emotional speech set data\OAF_disgust\OAF_door_disgust.wav,door,disgust
data/raw/TESS Toronto emotional speech set data\OAF_disgust\OAF_fail_disgust.wav,fail,disgust
data/raw/TESS Toronto emotional speech set data\OAF_disgust\OAF_fall_disgust.wav,fall,disgust
data/raw/TESS Toronto emotional speech set data\OAF_disgust\OAF_far_disgust.wav,far,disgust
data/raw/TESS Toronto emotional speech set data\OAF_disgust\OAF_fat_disgust.wav,fat,disgust
data/raw/TESS Toronto emotional speech set data\OAF_disgust\OAF_fit_disgust.wav,fit,disgust
data/raw/TESS Toronto emotional speech set data\OAF_disgust\OAF_five_disgust.wav,five,disgust
data/raw/TESS Toronto emotional speech set data\OAF_disgust\OAF_food_disgust.wav,food,disgust
data/raw/TESS Toronto emotional speech set data\OAF_disgust\OAF_gap_disgust.wav,gap,disgust
data/raw/TESS Toronto emotional speech set data\OAF_disgust\OAF_gas_disgust.wav,gas,disgust
data/raw/TESS Toronto emotional speech set data\OAF_disgust\OAF_gaze_disgust.wav,gaze,disgust
data/raw/TESS Toronto emotional speech set data\OAF_disgust\OAF_germ_disgust.wav,germ,disgust
data/raw/TESS Toronto emotional speech set data\OAF_disgust\OAF_get_disgust.wav,get,disgust
data/raw/TESS Toronto emotional speech set data\OAF_disgust\OAF_gin_disgust.wav,gin,disgust
data/raw/TESS Toronto emotional speech set data\OAF_disgust\OAF_goal_disgust.wav,goal,disgust
data/raw/TESS Toronto emotional speech set data\OAF_disgust\OAF_good_disgust.wav,good,disgust
data/raw/TESS Toronto emotional speech set data\OAF_disgust\OAF_goose_disgust.wav,goose,disgust
data/raw/TESS Toronto emotional speech set data\OAF_disgust\OAF_gun_disgust.wav,gun,disgust
data/raw/TESS Toronto emotional speech set data\OAF_disgust\OAF_half_disgust.wav,half,disgust
data/raw/TESS Toronto emotional speech set data\OAF_disgust\OAF_hall_disgust.wav,hall,disgust
data/raw/TESS Toronto emotional speech set data\OAF_disgust\OAF_hash_disgust.wav,hash,disgust
data/raw/TESS Toronto emotional speech set data\OAF_disgust\OAF_hate_disgust.wav,hate,disgust
data/raw/TESS Toronto emotional speech set data\OAF_disgust\OAF_have_disgust.wav,have,disgust
data/raw/TESS Toronto emotional speech set data\OAF_disgust\OAF_haze_disgust.wav,haze,disgust
data/raw/TESS Toronto emotional speech set data\OAF_disgust\OAF_hire_disgust.wav,hire,disgust
data/raw/TESS Toronto emotional speech set data\OAF_disgust\OAF_hit_disgust.wav,hit,disgust
data/raw/TESS Toronto emotional speech set data\OAF_disgust\OAF_hole_disgust.wav,hole,disgust
data/raw/TESS Toronto emotional speech set data\OAF_disgust\OAF_home_disgust.wav,home,disgust
data/raw/TESS Toronto emotional speech set data\OAF_disgust\OAF_hurl_disgust.wav,hurl,disgust
data/raw/TESS Toronto emotional speech set data\OAF_disgust\OAF_hush_disgust.wav,hush,disgust
data/raw/TESS Toronto emotional speech set data\OAF_disgust\OAF_jail_disgust.wav,jail,disgust
data/raw/TESS Toronto emotional speech set data\OAF_disgust\OAF_jar_disgust.wav,jar,disgust
data/raw/TESS Toronto emotional speech set data\OAF_disgust\OAF_join_disgust.wav,join,disgust
data/raw/TESS Toronto emotional speech set data\OAF_disgust\OAF_judge_disgust.wav,judge,disgust
data/raw/TESS Toronto emotional speech set data\OAF_disgust\OAF_jug_disgust.wav,jug,disgust
data/raw/TESS Toronto emotional speech set data\OAF_disgust\OAF_juice_disgust.wav,juice,disgust
data/raw/TESS Toronto emotional speech set data\OAF_disgust\OAF_keen_disgust.wav,keen,disgust
data/raw/TESS Toronto emotional speech set data\OAF_disgust\OAF_keep_disgust.wav,keep,disgust
data/raw/TESS Toronto emotional speech set data\OAF_disgust\OAF_keg_disgust.wav,keg,disgust
data/raw/TESS Toronto emotional speech set data\OAF_disgust\OAF_kick_disgust.wav,kick,disgust
data/raw/TESS Toronto emotional speech set data\OAF_disgust\OAF_kill_disgust.wav,kill,disgust
data/raw/TESS Toronto emotional speech set data\OAF_disgust\OAF_king_disgust.wav,king,disgust
data/raw/TESS Toronto emotional speech set data\OAF_disgust\OAF_kite_disgust.wav,kite,disgust
data/raw/TESS Toronto emotional speech set data\OAF_disgust\OAF_knock_disgust.wav,knock,disgust
data/raw/TESS Toronto emotional speech set data\OAF_disgust\OAF_late_disgust.wav,late,disgust
data/raw/TESS Toronto emotional speech set data\OAF_disgust\OAF_laud_disgust.wav,laud,disgust
data/raw/TESS Toronto emotional speech set data\OAF_disgust\OAF_lean_disgust.wav,lean,disgust
data/raw/TESS Toronto emotional speech set data\OAF_disgust\OAF_learn_disgust.wav,learn,disgust
data/raw/TESS Toronto emotional speech set data\OAF_disgust\OAF_lease_disgust.wav,lease,disgust
data/raw/TESS Toronto emotional speech set data\OAF_disgust\OAF_lid_disgust.wav,lid,disgust
data/raw/TESS Toronto emotional speech set data\OAF_disgust\OAF_life_disgust.wav,life,disgust
data/raw/TESS Toronto emotional speech set data\OAF_disgust\OAF_limb_disgust.wav,limb,disgust
data/raw/TESS Toronto emotional speech set data\OAF_disgust\OAF_live_disgust.wav,live,disgust
data/raw/TESS Toronto emotional speech set data\OAF_disgust\OAF_loaf_disgust.wav,loaf,disgust
data/raw/TESS Toronto emotional speech set data\OAF_disgust\OAF_long_disgust.wav,long,disgust
data/raw/TESS Toronto emotional speech set data\OAF_disgust\OAF_lore_disgust.wav,lore,disgust
data/raw/TESS Toronto emotional speech set data\OAF_disgust\OAF_lose_disgust.wav,lose,disgust
data/raw/TESS Toronto emotional speech set data\OAF_disgust\OAF_lot_disgust.wav,lot,disgust
data/raw/TESS Toronto emotional speech set data\OAF_disgust\OAF_love_disgust.wav,love,disgust
data/raw/TESS Toronto emotional speech set data\OAF_disgust\OAF_luck_disgust.wav,luck,disgust
data/raw/TESS Toronto emotional speech set data\OAF_disgust\OAF_make_disgust.wav,make,disgust
data/raw/TESS Toronto emotional speech set data\OAF_disgust\OAF_match_disgust.wav,match,disgust
data/raw/TESS Toronto emotional speech set data\OAF_disgust\OAF_merge_disgust.wav,merge,disgust
data/raw/TESS Toronto emotional speech set data\OAF_disgust\OAF_mess_disgust.wav,mess,disgust
data/raw/TESS Toronto emotional speech set data\OAF_disgust\OAF_met_disgust.wav,met,disgust
data/raw/TESS Toronto emotional speech set data\OAF_disgust\OAF_mill_disgust.wav,mill,disgust
data/raw/TESS Toronto emotional speech set data\OAF_disgust\OAF_mob_disgust.wav,mob,disgust
data/raw/TESS Toronto emotional speech set data\OAF_disgust\OAF_mode_disgust.wav,mode,disgust
data/raw/TESS Toronto emotional speech set data\OAF_disgust\OAF_mood_disgust.wav,mood,disgust
data/raw/TESS Toronto emotional speech set data\OAF_disgust\OAF_moon_disgust.wav,moon,disgust
data/raw/TESS Toronto emotional speech set data\OAF_disgust\OAF_mop_disgust.wav,mop,disgust
data/raw/TESS Toronto emotional speech set data\OAF_disgust\OAF_mouse_disgust.wav,mouse,disgust
data/raw/TESS Toronto emotional speech set data\OAF_disgust\OAF_nag_disgust.wav,nag,disgust
data/raw/TESS Toronto emotional speech set data\OAF_disgust\OAF_name_disgust.wav,name,disgust
data/raw/TESS Toronto emotional speech set data\OAF_disgust\OAF_near_disgust.wav,near,disgust
data/raw/TESS Toronto emotional speech set data\OAF_disgust\OAF_neat_disgust.wav,neat,disgust
data/raw/TESS Toronto emotional speech set data\OAF_disgust\OAF_nice_disgust.wav,nice,disgust
data/raw/TESS Toronto emotional speech set data\OAF_disgust\OAF_note_disgust.wav,note,disgust
data/raw/TESS Toronto emotional speech set data\OAF_disgust\OAF_numb_disgust.wav,numb,disgust
data/raw/TESS Toronto emotional speech set data\OAF_disgust\OAF_pad_disgust.wav,pad,disgust
data/raw/TESS Toronto emotional speech set data\OAF_disgust\OAF_page_disgust.wav,page,disgust
data/raw/TESS Toronto emotional speech set data\OAF_disgust\OAF_pain_disgust.wav,pain,disgust
data/raw/TESS Toronto emotional speech set data\OAF_disgust\OAF_pass_disgust.wav,pass,disgust
data/raw/TESS Toronto emotional speech set data\OAF_disgust\OAF_pearl_disgust.wav,pearl,disgust
data/raw/TESS Toronto emotional speech set data\OAF_disgust\OAF_peg_disgust.wav,peg,disgust
data/raw/TESS Toronto emotional speech set data\OAF_disgust\OAF_perch_disgust.wav,perch,disgust
data/raw/TESS Toronto emotional speech set data\OAF_disgust\OAF_phone_disgust.wav,phone,disgust
data/raw/TESS Toronto emotional speech set data\OAF_disgust\OAF_pick_disgust.wav,pick,disgust
data/raw/TESS Toronto emotional speech set data\OAF_disgust\OAF_pike_disgust.wav,pike,disgust
data/raw/TESS Toronto emotional speech set data\OAF_disgust\OAF_pole_disgust.wav,pole,disgust
data/raw/TESS Toronto emotional speech set data\OAF_disgust\OAF_pool_disgust.wav,pool,disgust
data/raw/TESS Toronto emotional speech set data\OAF_disgust\OAF_puff_disgust.wav,puff,disgust
data/raw/TESS Toronto emotional speech set data\OAF_disgust\OAF_rag_disgust.wav,rag,disgust
data/raw/TESS Toronto emotional speech set data\OAF_disgust\OAF_raid_disgust.wav,raid,disgust
data/raw/TESS Toronto emotional speech set data\OAF_disgust\OAF_rain_disgust.wav,rain,disgust
data/raw/TESS Toronto emotional speech set data\OAF_disgust\OAF_raise_disgust.wav,raise,disgust
data/raw/TESS Toronto emotional speech set data\OAF_disgust\OAF_rat_disgust.wav,rat,disgust
data/raw/TESS Toronto emotional speech set data\OAF_disgust\OAF_reach_disgust.wav,reach,disgust
data/raw/TESS Toronto emotional speech set data\OAF_disgust\OAF_read_disgust.wav,read,disgust
data/raw/TESS Toronto emotional speech set data\OAF_disgust\OAF_red_disgust.wav,red,disgust
data/raw/TESS Toronto emotional speech set data\OAF_disgust\OAF_ring_disgust.wav,ring,disgust
data/raw/TESS Toronto emotional speech set data\OAF_disgust\OAF_ripe_disgust.wav,ripe,disgust
data/raw/TESS Toronto emotional speech set data\OAF_disgust\OAF_road_disgust.wav,road,disgust
data/raw/TESS Toronto emotional speech set data\OAF_disgust\OAF_room_disgust.wav,room,disgust
data/raw/TESS Toronto emotional speech set data\OAF_disgust\OAF_rose_disgust.wav,rose,disgust
data/raw/TESS Toronto emotional speech set data\OAF_disgust\OAF_rot_disgust.wav,rot,disgust
data/raw/TESS Toronto emotional speech set data\OAF_disgust\OAF_rough_disgust.wav,rough,disgust
data/raw/TESS Toronto emotional speech set data\OAF_disgust\OAF_rush_disgust.wav,rush,disgust
data/raw/TESS Toronto emotional speech set data\OAF_disgust\OAF_said_disgust.wav,said,disgust
data/raw/TESS Toronto emotional speech set data\OAF_disgust\OAF_sail_disgust.wav,sail,disgust
data/raw/TESS Toronto emotional speech set data\OAF_disgust\OAF_search_disgust.wav,search,disgust
data/raw/TESS Toronto emotional speech set data\OAF_disgust\OAF_seize_disgust.wav,seize,disgust
data/raw/TESS Toronto emotional speech set data\OAF_disgust\OAF_sell_disgust.wav,sell,disgust
data/raw/TESS Toronto emotional speech set data\OAF_disgust\OAF_shack_disgust.wav,shack,disgust
data/raw/TESS Toronto emotional speech set data\OAF_disgust\OAF_shall_disgust.wav,shall,disgust
data/raw/TESS Toronto emotional speech set data\OAF_disgust\OAF_shawl_disgust.wav,shawl,disgust
data/raw/TESS Toronto emotional speech set data\OAF_disgust\OAF_sheep_disgust.wav,sheep,disgust
data/raw/TESS Toronto emotional speech set data\OAF_disgust\OAF_shirt_disgust.wav,shirt,disgust
data/raw/TESS Toronto emotional speech set data\OAF_disgust\OAF_should_disgust.wav,should,disgust
data/raw/TESS Toronto emotional speech set data\OAF_disgust\OAF_shout_disgust.wav,shout,disgust
data/raw/TESS Toronto emotional speech set data\OAF_disgust\OAF_size_disgust.wav,size,disgust
data/raw/TESS Toronto emotional speech set data\OAF_disgust\OAF_soap_disgust.wav,soap,disgust
data/raw/TESS Toronto emotional speech set data\OAF_disgust\OAF_soup_disgust.wav,soup,disgust
data/raw/TESS Toronto emotional speech set data\OAF_disgust\OAF_sour_disgust.wav,sour,disgust
data/raw/TESS Toronto emotional speech set data\OAF_disgust\OAF_south_disgust.wav,south,disgust
data/raw/TESS Toronto emotional speech set data\OAF_disgust\OAF_sub_disgust.wav,sub,disgust
data/raw/TESS Toronto emotional speech set data\OAF_disgust\OAF_such_disgust.wav,such,disgust
data/raw/TESS Toronto emotional speech set data\OAF_disgust\OAF_sure_disgust.wav,sure,disgust
data/raw/TESS Toronto emotional speech set data\OAF_disgust\OAF_take_disgust.wav,take,disgust
data/raw/TESS Toronto emotional speech set data\OAF_disgust\OAF_talk_disgust.wav,talk,disgust
data/raw/TESS Toronto emotional speech set data\OAF_disgust\OAF_tape_disgust.wav,tape,disgust
data/raw/TESS Toronto emotional speech set data\OAF_disgust\OAF_team_disgust.wav,team,disgust
data/raw/TESS Toronto emotional speech set data\OAF_disgust\OAF_tell_disgust.wav,tell,disgust
data/raw/TESS Toronto emotional speech set data\OAF_disgust\OAF_thin_disgust.wav,thin,disgust
data/raw/TESS Toronto emotional speech set data\OAF_disgust\OAF_third_disgust.wav,third,disgust
data/raw/TESS Toronto emotional speech set data\OAF_disgust\OAF_thought_disgust.wav,thought,disgust
data/raw/TESS Toronto emotional speech set data\OAF_disgust\OAF_thumb_disgust.wav,thumb,disgust
data/raw/TESS Toronto emotional speech set data\OAF_disgust\OAF_time_disgust.wav,time,disgust
data/raw/TESS Toronto emotional speech set data\OAF_disgust\OAF_tip_disgust.wav,tip,disgust
data/raw/TESS Toronto emotional speech set data\OAF_disgust\OAF_tire_disgust.wav,tire,disgust
data/raw/TESS Toronto emotional speech set data\OAF_disgust\OAF_ton_disgust.wav,ton,disgust
data/raw/TESS Toronto emotional speech set data\OAF_disgust\OAF_tool_disgust.wav,tool,disgust
data/raw/TESS Toronto emotional speech set data\OAF_disgust\OAF_tough_disgust.wav,tough,disgust
data/raw/TESS Toronto emotional speech set data\OAF_disgust\OAF_turn_disgust.wav,turn,disgust
data/raw/TESS Toronto emotional speech set data\OAF_disgust\OAF_vine_disgust.wav,vine,disgust
data/raw/TESS Toronto emotional speech set data\OAF_disgust\OAF_voice_disgust.wav,voice,disgust
data/raw/TESS Toronto emotional speech set data\OAF_disgust\OAF_void_disgust.wav,void,disgust
data/raw/TESS Toronto emotional speech set data\OAF_disgust\OAF_vote_disgust.wav,vote,disgust
data/raw/TESS Toronto emotional speech set data\OAF_disgust\OAF_wag_disgust.wav,wag,disgust
data/raw/TESS Toronto emotional speech set data\OAF_disgust\OAF_walk_disgust.wav,walk,disgust
data/raw/TESS Toronto emotional speech set data\OAF_disgust\OAF_wash_disgust.wav,wash,disgust
data/raw/TESS Toronto emotional speech set data\OAF_disgust\OAF_week_disgust.wav,week,disgust
data/raw/TESS Toronto emotional speech set data\OAF_disgust\OAF_wheat_disgust.wav,wheat,disgust
data/raw/TESS Toronto emotional speech set data\OAF_disgust\OAF_when_disgust.wav,when,disgust
data/raw/TESS Toronto emotional speech set data\OAF_disgust\OAF_which_disgust.wav,which,disgust
data/raw/TESS Toronto emotional speech set data\OAF_disgust\OAF_whip_disgust.wav,whip,disgust
data/raw/TESS Toronto emotional speech set data\OAF_disgust\OAF_white_disgust.wav,white,disgust
data/raw/TESS Toronto emotional speech set data\OAF_disgust\OAF_wife_disgust.wav,wife,disgust
data/raw/TESS Toronto emotional speech set data\OAF_disgust\OAF_wire_disgust.wav,wire,disgust
data/raw/TESS Toronto emotional speech set data\OAF_disgust\OAF_witch_disgust.wav,witch,disgust
data/raw/TESS Toronto emotional speech set data\OAF_disgust\OAF_yearn_disgust.wav,yearn,disgust
data/raw/TESS Toronto emotional speech set data\OAF_disgust\OAF_yes_disgust.wav,yes,disgust
data/raw/TESS Toronto emotional speech set data\OAF_disgust\OAF_young_disgust.wav,young,disgust
data/raw/TESS Toronto emotional speech set data\OAF_disgust\OAF_youth_disgust.wav,youth,disgust
data/raw/TESS Toronto emotional speech set data\OAF_Fear\OAF_back_fear.wav,back,fear
data/raw/TESS Toronto emotional speech set data\OAF_Fear\OAF_bar_fear.wav,bar,fear
data/raw/TESS Toronto emotional speech set data\OAF_Fear\OAF_base_fear.wav,base,fear
data/raw/TESS Toronto emotional speech set data\OAF_Fear\OAF_bath_fear.wav,bath,fear
data/raw/TESS Toronto emotional speech set data\OAF_Fear\OAF_bean_fear.wav,bean,fear
data/raw/TESS Toronto emotional speech set data\OAF_Fear\OAF_beg_fear.wav,beg,fear
data/raw/TESS Toronto emotional speech set data\OAF_Fear\OAF_bite_fear.wav,bite,fear
data/raw/TESS Toronto emotional speech set data\OAF_Fear\OAF_boat_fear.wav,boat,fear
data/raw/TESS Toronto emotional speech set data\OAF_Fear\OAF_bone_fear.wav,bone,fear
data/raw/TESS Toronto emotional speech set data\OAF_Fear\OAF_book_fear.wav,book,fear
data/raw/TESS Toronto emotional speech set data\OAF_Fear\OAF_bought_fear.wav,bought,fear
data/raw/TESS Toronto emotional speech set data\OAF_Fear\OAF_burn_fear.wav,burn,fear
data/raw/TESS Toronto emotional speech set data\OAF_Fear\OAF_cab_fear.wav,cab,fear
data/raw/TESS Toronto emotional speech set data\OAF_Fear\OAF_calm_fear.wav,calm,fear
data/raw/TESS Toronto emotional speech set data\OAF_Fear\OAF_came_fear.wav,came,fear
data/raw/TESS Toronto emotional speech set data\OAF_Fear\OAF_cause_fear.wav,cause,fear
data/raw/TESS Toronto emotional speech set data\OAF_Fear\OAF_chain_fear.wav,chain,fear
data/raw/TESS Toronto emotional speech set data\OAF_Fear\OAF_chair_fear.wav,chair,fear
data/raw/TESS Toronto emotional speech set data\OAF_Fear\OAF_chalk_fear.wav,chalk,fear
data/raw/TESS Toronto emotional speech set data\OAF_Fear\OAF_chat_fear.wav,chat,fear
data/raw/TESS Toronto emotional speech set data\OAF_Fear\OAF_check_fear.wav,check,fear
data/raw/TESS Toronto emotional speech set data\OAF_Fear\OAF_cheek_fear.wav,cheek,fear
data/raw/TESS Toronto emotional speech set data\OAF_Fear\OAF_chief_fear.wav,chief,fear
data/raw/TESS Toronto emotional speech set data\OAF_Fear\OAF_choice_fear.wav,choice,fear
data/raw/TESS Toronto emotional speech set data\OAF_Fear\OAF_cool_fear.wav,cool,fear
data/raw/TESS Toronto emotional speech set data\OAF_Fear\OAF_dab_fear.wav,dab,fear
data/raw/TESS Toronto emotional speech set data\OAF_Fear\OAF_date_fear.wav,date,fear
data/raw/TESS Toronto emotional speech set data\OAF_Fear\OAF_dead_fear.wav,dead,fear
data/raw/TESS Toronto emotional speech set data\OAF_Fear\OAF_death_fear.wav,death,fear
data/raw/TESS Toronto emotional speech set data\OAF_Fear\OAF_deep_fear.wav,deep,fear
data/raw/TESS Toronto emotional speech set data\OAF_Fear\OAF_dime_fear.wav,dime,fear
data/raw/TESS Toronto emotional speech set data\OAF_Fear\OAF_dip_fear.wav,dip,fear
data/raw/TESS Toronto emotional speech set data\OAF_Fear\OAF_ditch_fear.wav,ditch,fear
data/raw/TESS Toronto emotional speech set data\OAF_Fear\OAF_dodge_fear.wav,dodge,fear
data/raw/TESS Toronto emotional speech set data\OAF_Fear\OAF_dog_fear.wav,dog,fear
data/raw/TESS Toronto emotional speech set data\OAF_Fear\OAF_doll_fear.wav,doll,fear
data/raw/TESS Toronto emotional speech set data\OAF_Fear\OAF_door_fear.wav,door,fear
data/raw/TESS Toronto emotional speech set data\OAF_Fear\OAF_fail_fear.wav,fail,fear
data/raw/TESS Toronto emotional speech set data\OAF_Fear\OAF_fall_fear.wav,fall,fear
data/raw/TESS Toronto emotional speech set data\OAF_Fear\OAF_far_fear.wav,far,fear
data/raw/TESS Toronto emotional speech set data\OAF_Fear\OAF_fat_fear.wav,fat,fear
data/raw/TESS Toronto emotional speech set data\OAF_Fear\OAF_fit_fear.wav,fit,fear
data/raw/TESS Toronto emotional speech set data\OAF_Fear\OAF_five_fear.wav,five,fear
data/raw/TESS Toronto emotional speech set data\OAF_Fear\OAF_food_fear.wav,food,fear
data/raw/TESS Toronto emotional speech set data\OAF_Fear\OAF_gap_fear.wav,gap,fear
data/raw/TESS Toronto emotional speech set data\OAF_Fear\OAF_gas_fear.wav,gas,fear
data/raw/TESS Toronto emotional speech set data\OAF_Fear\OAF_gaze_fear.wav,gaze,fear
data/raw/TESS Toronto emotional speech set data\OAF_Fear\OAF_germ_fear.wav,germ,fear
data/raw/TESS Toronto emotional speech set data\OAF_Fear\OAF_get_fear.wav,get,fear
data/raw/TESS Toronto emotional speech set data\OAF_Fear\OAF_gin_fear.wav,gin,fear
data/raw/TESS Toronto emotional speech set data\OAF_Fear\OAF_goal_fear.wav,goal,fear
data/raw/TESS Toronto emotional speech set data\OAF_Fear\OAF_good_fear.wav,good,fear
data/raw/TESS Toronto emotional speech set data\OAF_Fear\OAF_goose_fear.wav,goose,fear
data/raw/TESS Toronto emotional speech set data\OAF_Fear\OAF_gun_fear.wav,gun,fear
data/raw/TESS Toronto emotional speech set data\OAF_Fear\OAF_half_fear.wav,half,fear
data/raw/TESS Toronto emotional speech set data\OAF_Fear\OAF_hall_fear.wav,hall,fear
data/raw/TESS Toronto emotional speech set data\OAF_Fear\OAF_hash_fear.wav,hash,fear
data/raw/TESS Toronto emotional speech set data\OAF_Fear\OAF_hate_fear.wav,hate,fear
data/raw/TESS Toronto emotional speech set data\OAF_Fear\OAF_have_fear.wav,have,fear
data/raw/TESS Toronto emotional speech set data\OAF_Fear\OAF_haze_fear.wav,haze,fear
data/raw/TESS Toronto emotional speech set data\OAF_Fear\OAF_hire_fear.wav,hire,fear
data/raw/TESS Toronto emotional speech set data\OAF_Fear\OAF_hit_fear.wav,hit,fear
data/raw/TESS Toronto emotional speech set data\OAF_Fear\OAF_hole_fear.wav,hole,fear
data/raw/TESS Toronto emotional speech set data\OAF_Fear\OAF_home_fear.wav,home,fear
data/raw/TESS Toronto emotional speech set data\OAF_Fear\OAF_hurl_fear.wav,hurl,fear
data/raw/TESS Toronto emotional speech set data\OAF_Fear\OAF_hush_fear.wav,hush,fear
data/raw/TESS Toronto emotional speech set data\OAF_Fear\OAF_jail_fear.wav,jail,fear
data/raw/TESS Toronto emotional speech set data\OAF_Fear\OAF_jar_fear.wav,jar,fear
data/raw/TESS Toronto emotional speech set data\OAF_Fear\OAF_join_fear.wav,join,fear
data/raw/TESS Toronto emotional speech set data\OAF_Fear\OAF_judge_fear.wav,judge,fear
data/raw/TESS Toronto emotional speech set data\OAF_Fear\OAF_jug_fear.wav,jug,fear
data/raw/TESS Toronto emotional speech set data\OAF_Fear\OAF_juice_fear.wav,juice,fear
data/raw/TESS Toronto emotional speech set data\OAF_Fear\OAF_keen_fear.wav,keen,fear
data/raw/TESS Toronto emotional speech set data\OAF_Fear\OAF_keep_fear.wav,keep,fear
data/raw/TESS Toronto emotional speech set data\OAF_Fear\OAF_keg_fear.wav,keg,fear
data/raw/TESS Toronto emotional speech set data\OAF_Fear\OAF_kick_fear.wav,kick,fear
data/raw/TESS Toronto emotional speech set data\OAF_Fear\OAF_kill_fear.wav,kill,fear
data/raw/TESS Toronto emotional speech set data\OAF_Fear\OAF_king_fear.wav,king,fear
data/raw/TESS Toronto emotional speech set data\OAF_Fear\OAF_kite_fear.wav,kite,fear
data/raw/TESS Toronto emotional speech set data\OAF_Fear\OAF_knock_fear.wav,knock,fear
data/raw/TESS Toronto emotional speech set data\OAF_Fear\OAF_late_fear.wav,late,fear
data/raw/TESS Toronto emotional speech set data\OAF_Fear\OAF_laud_fear.wav,laud,fear
data/raw/TESS Toronto emotional speech set data\OAF_Fear\OAF_lean_fear.wav,lean,fear
data/raw/TESS Toronto emotional speech set data\OAF_Fear\OAF_learn_fear.wav,learn,fear
data/raw/TESS Toronto emotional speech set data\OAF_Fear\OAF_lease_fear.wav,lease,fear
data/raw/TESS Toronto emotional speech set data\OAF_Fear\OAF_lid_fear.wav,lid,fear
data/raw/TESS Toronto emotional speech set data\OAF_Fear\OAF_life_fear.wav,life,fear
data/raw/TESS Toronto emotional speech set data\OAF_Fear\OAF_limb_fear.wav,limb,fear
data/raw/TESS Toronto emotional speech set data\OAF_Fear\OAF_live_fear.wav,live,fear
data/raw/TESS Toronto emotional speech set data\OAF_Fear\OAF_loaf_fear.wav,loaf,fear
data/raw/TESS Toronto emotional speech set data\OAF_Fear\OAF_long_fear.wav,long,fear
data/raw/TESS Toronto emotional speech set data\OAF_Fear\OAF_lore_fear.wav,lore,fear
data/raw/TESS Toronto emotional speech set data\OAF_Fear\OAF_lose_fear.wav,lose,fear
data/raw/TESS Toronto emotional speech set data\OAF_Fear\OAF_lot_fear.wav,lot,fear
data/raw/TESS Toronto emotional speech set data\OAF_Fear\OAF_love_fear.wav,love,fear
data/raw/TESS Toronto emotional speech set data\OAF_Fear\OAF_luck_fear.wav,luck,fear
data/raw/TESS Toronto emotional speech set data\OAF_Fear\OAF_make_fear.wav,make,fear
data/raw/TESS Toronto emotional speech set data\OAF_Fear\OAF_match_fear.wav,match,fear
data/raw/TESS Toronto emotional speech set data\OAF_Fear\OAF_merge_fear.wav,merge,fear
data/raw/TESS Toronto emotional speech set data\OAF_Fear\OAF_mess_fear.wav,mess,fear
data/raw/TESS Toronto emotional speech set data\OAF_Fear\OAF_met_fear.wav,met,fear
data/raw/TESS Toronto emotional speech set data\OAF_Fear\OAF_mill_fear.wav,mill,fear
data/raw/TESS Toronto emotional speech set data\OAF_Fear\OAF_mob_fear.wav,mob,fear
data/raw/TESS Toronto emotional speech set data\OAF_Fear\OAF_mode_fear.wav,mode,fear
data/raw/TESS Toronto emotional speech set data\OAF_Fear\OAF_mood_fear.wav,mood,fear
data/raw/TESS Toronto emotional speech set data\OAF_Fear\OAF_moon_fear.wav,moon,fear
data/raw/TESS Toronto emotional speech set data\OAF_Fear\OAF_mop_fear.wav,mop,fear
data/raw/TESS Toronto emotional speech set data\OAF_Fear\OAF_mouse_fear.wav,mouse,fear
data/raw/TESS Toronto emotional speech set data\OAF_Fear\OAF_nag_fear.wav,nag,fear
data/raw/TESS Toronto emotional speech set data\OAF_Fear\OAF_name_fear.wav,name,fear
data/raw/TESS Toronto emotional speech set data\OAF_Fear\OAF_near_fear.wav,near,fear
data/raw/TESS Toronto emotional speech set data\OAF_Fear\OAF_neat_fear.wav,neat,fear
data/raw/TESS Toronto emotional speech set data\OAF_Fear\OAF_nice_fear.wav,nice,fear
data/raw/TESS Toronto emotional speech set data\OAF_Fear\OAF_note_fear.wav,note,fear
data/raw/TESS Toronto emotional speech set data\OAF_Fear\OAF_numb_fear.wav,numb,fear
data/raw/TESS Toronto emotional speech set data\OAF_Fear\OAF_pad_fear.wav,pad,fear
data/raw/TESS Toronto emotional speech set data\OAF_Fear\OAF_page_fear.wav,page,fear
data/raw/TESS Toronto emotional speech set data\OAF_Fear\OAF_pain_fear.wav,pain,fear
data/raw/TESS Toronto emotional speech set data\OAF_Fear\OAF_pass_fear.wav,pass,fear
data/raw/TESS Toronto emotional speech set data\OAF_Fear\OAF_pearl_fear.wav,pearl,fear
data/raw/TESS Toronto emotional speech set data\OAF_Fear\OAF_peg_fear.wav,peg,fear
data/raw/TESS Toronto emotional speech set data\OAF_Fear\OAF_perch_fear.wav,perch,fear
data/raw/TESS Toronto emotional speech set data\OAF_Fear\OAF_phone_fear.wav,phone,fear
data/raw/TESS Toronto emotional speech set data\OAF_Fear\OAF_pick_fear.wav,pick,fear
data/raw/TESS Toronto emotional speech set data\OAF_Fear\OAF_pike_fear.wav,pike,fear
data/raw/TESS Toronto emotional speech set data\OAF_Fear\OAF_pole_fear.wav,pole,fear
data/raw/TESS Toronto emotional speech set data\OAF_Fear\OAF_pool_fear.wav,pool,fear
data/raw/TESS Toronto emotional speech set data\OAF_Fear\OAF_puff_fear.wav,puff,fear
data/raw/TESS Toronto emotional speech set data\OAF_Fear\OAF_rag_fear.wav,rag,fear
data/raw/TESS Toronto emotional speech set data\OAF_Fear\OAF_raid_fear.wav,raid,fear
data/raw/TESS Toronto emotional speech set data\OAF_Fear\OAF_rain_fear.wav,rain,fear
data/raw/TESS Toronto emotional speech set data\OAF_Fear\OAF_raise_fear.wav,raise,fear
data/raw/TESS Toronto emotional speech set data\OAF_Fear\OAF_rat_fear.wav,rat,fear
data/raw/TESS Toronto emotional speech set data\OAF_Fear\OAF_reach_fear.wav,reach,fear
data/raw/TESS Toronto emotional speech set data\OAF_Fear\OAF_read_fear.wav,read,fear
data/raw/TESS Toronto emotional speech set data\OAF_Fear\OAF_red_fear.wav,red,fear
data/raw/TESS Toronto emotional speech set data\OAF_Fear\OAF_ring_fear.wav,ring,fear
data/raw/TESS Toronto emotional speech set data\OAF_Fear\OAF_ripe_fear.wav,ripe,fear
data/raw/TESS Toronto emotional speech set data\OAF_Fear\OAF_road_fear.wav,road,fear
data/raw/TESS Toronto emotional speech set data\OAF_Fear\OAF_room_fear.wav,room,fear
data/raw/TESS Toronto emotional speech set data\OAF_Fear\OAF_rose_fear.wav,rose,fear
data/raw/TESS Toronto emotional speech set data\OAF_Fear\OAF_rot_fear.wav,rot,fear
data/raw/TESS Toronto emotional speech set data\OAF_Fear\OAF_rough_fear.wav,rough,fear
data/raw/TESS Toronto emotional speech set data\OAF_Fear\OAF_rush_fear.wav,rush,fear
data/raw/TESS Toronto emotional speech set data\OAF_Fear\OAF_said_fear.wav,said,fear
data/raw/TESS Toronto emotional speech set data\OAF_Fear\OAF_sail_fear.wav,sail,fear
data/raw/TESS Toronto emotional speech set data\OAF_Fear\OAF_search_fear.wav,search,fear
data/raw/TESS Toronto emotional speech set data\OAF_Fear\OAF_seize_fear.wav,seize,fear
data/raw/TESS Toronto emotional speech set data\OAF_Fear\OAF_sell_fear.wav,sell,fear
data/raw/TESS Toronto emotional speech set data\OAF_Fear\OAF_shack_fear.wav,shack,fear
data/raw/TESS Toronto emotional speech set data\OAF_Fear\OAF_shall_fear.wav,shall,fear
data/raw/TESS Toronto emotional speech set data\OAF_Fear\OAF_shawl_fear.wav,shawl,fear
data/raw/TESS Toronto emotional speech set data\OAF_Fear\OAF_sheep_fear.wav,sheep,fear
data/raw/TESS Toronto emotional speech set data\OAF_Fear\OAF_shirt_fear.wav,shirt,fear
data/raw/TESS Toronto emotional speech set data\OAF_Fear\OAF_should_fear.wav,should,fear
data/raw/TESS Toronto emotional speech set data\OAF_Fear\OAF_shout_fear.wav,shout,fear
data/raw/TESS Toronto emotional speech set data\OAF_Fear\OAF_size_fear.wav,size,fear
data/raw/TESS Toronto emotional speech set data\OAF_Fear\OAF_soap_fear.wav,soap,fear
data/raw/TESS Toronto emotional speech set data\OAF_Fear\OAF_soup_fear.wav,soup,fear
data/raw/TESS Toronto emotional speech set data\OAF_Fear\OAF_sour_fear.wav,sour,fear
data/raw/TESS Toronto emotional speech set data\OAF_Fear\OAF_south_fear.wav,south,fear
data/raw/TESS Toronto emotional speech set data\OAF_Fear\OAF_sub_fear.wav,sub,fear
data/raw/TESS Toronto emotional speech set data\OAF_Fear\OAF_such_fear.wav,such,fear
data/raw/TESS Toronto emotional speech set data\OAF_Fear\OAF_sure_fear.wav,sure,fear
data/raw/TESS Toronto emotional speech set data\OAF_Fear\OAF_take_fear.wav,take,fear
data/raw/TESS Toronto emotional speech set data\OAF_Fear\OAF_talk_fear.wav,talk,fear
data/raw/TESS Toronto emotional speech set data\OAF_Fear\OAF_tape_fear.wav,tape,fear
data/raw/TESS Toronto emotional speech set data\OAF_Fear\OAF_team_fear.wav,team,fear
data/raw/TESS Toronto emotional speech set data\OAF_Fear\OAF_tell_fear.wav,tell,fear
data/raw/TESS Toronto emotional speech set data\OAF_Fear\OAF_thin_fear.wav,thin,fear
data/raw/TESS Toronto emotional speech set data\OAF_Fear\OAF_third_fear.wav,third,fear
data/raw/TESS Toronto emotional speech set data\OAF_Fear\OAF_thought_fear.wav,thought,fear
data/raw/TESS Toronto emotional speech set data\OAF_Fear\OAF_thumb_fear.wav,thumb,fear
data/raw/TESS Toronto emotional speech set data\OAF_Fear\OAF_time_fear.wav,time,fear
data/raw/TESS Toronto emotional speech set data\OAF_Fear\OAF_tip_fear.wav,tip,fear
data/raw/TESS Toronto emotional speech set data\OAF_Fear\OAF_tire_fear.wav,tire,fear
data/raw/TESS Toronto emotional speech set data\OAF_Fear\OAF_ton_fear.wav,ton,fear
data/raw/TESS Toronto emotional speech set data\OAF_Fear\OAF_tool_fear.wav,tool,fear
data/raw/TESS Toronto emotional speech set data\OAF_Fear\OAF_tough_fear.wav,tough,fear
data/raw/TESS Toronto emotional speech set data\OAF_Fear\OAF_turn_fear.wav,turn,fear
data/raw/TESS Toronto emotional speech set data\OAF_Fear\OAF_vine_fear.wav,vine,fear
data/raw/TESS Toronto emotional speech set data\OAF_Fear\OAF_voice_fear.wav,voice,fear
data/raw/TESS Toronto emotional speech set data\OAF_Fear\OAF_void_fear.wav,void,fear
data/raw/TESS Toronto emotional speech set data\OAF_Fear\OAF_vote_fear.wav,vote,fear
data/raw/TESS Toronto emotional speech set data\OAF_Fear\OAF_wag_fear.wav,wag,fear
data/raw/TESS Toronto emotional speech set data\OAF_Fear\OAF_walk_fear.wav,walk,fear
data/raw/TESS Toronto emotional speech set data\OAF_Fear\OAF_wash_fear.wav,wash,fear
data/raw/TESS Toronto emotional speech set data\OAF_Fear\OAF_week_fear.wav,week,fear
data/raw/TESS Toronto emotional speech set data\OAF_Fear\OAF_wheat_fear.wav,wheat,fear
data/raw/TESS Toronto emotional speech set data\OAF_Fear\OAF_when_fear.wav,when,fear
data/raw/TESS Toronto emotional speech set data\OAF_Fear\OAF_which_fear.wav,which,fear
data/raw/TESS Toronto emotional speech set data\OAF_Fear\OAF_whip_fear.wav,whip,fear
data/raw/TESS Toronto emotional speech set data\OAF_Fear\OAF_white_fear.wav,white,fear
data/raw/TESS Toronto emotional speech set data\OAF_Fear\OAF_wife_fear.wav,wife,fear
data/raw/TESS Toronto emotional speech set data\OAF_Fear\OAF_wire_fear.wav,wire,fear
data/raw/TESS Toronto emotional speech set data\OAF_Fear\OAF_witch_fear.wav,witch,fear
data/raw/TESS Toronto emotional speech set data\OAF_Fear\OAF_yearn_fear.wav,yearn,fear
data/raw/TESS Toronto emotional speech set data\OAF_Fear\OAF_yes_fear.wav,yes,fear
data/raw/TESS Toronto emotional speech set data\OAF_Fear\OAF_young_fear.wav,young,fear
data/raw/TESS Toronto emotional speech set data\OAF_Fear\OAF_youth_fear.wav,youth,fear
data/raw/TESS Toronto emotional speech set data\OAF_happy\OAF_back_happy.wav,back,happy
data/raw/TESS Toronto emotional speech set data\OAF_happy\OAF_bar_happy.wav,bar,happy
data/raw/TESS Toronto emotional speech set data\OAF_happy\OAF_base_happy.wav,base,happy
data/raw/TESS Toronto emotional speech set data\OAF_happy\OAF_bath_happy.wav,bath,happy
data/raw/TESS Toronto emotional speech set data\OAF_happy\OAF_bean_happy.wav,bean,happy
data/raw/TESS Toronto emotional speech set data\OAF_happy\OAF_beg_happy.wav,beg,happy
data/raw/TESS Toronto emotional speech set data\OAF_happy\OAF_bite_happy.wav,bite,happy
data/raw/TESS Toronto emotional speech set data\OAF_happy\OAF_boat_happy.wav,boat,happy
data/raw/TESS Toronto emotional speech set data\OAF_happy\OAF_bone_happy.wav,bone,happy
data/raw/TESS Toronto emotional speech set data\OAF_happy\OAF_book_happy.wav,book,happy
data/raw/TESS Toronto emotional speech set data\OAF_happy\OAF_bought_happy.wav,bought,happy
data/raw/TESS Toronto emotional speech set data\OAF_happy\OAF_burn_happy.wav,burn,happy
data/raw/TESS Toronto emotional speech set data\OAF_happy\OAF_cab_happy.wav,cab,happy
data/raw/TESS Toronto emotional speech set data\OAF_happy\OAF_calm_happy.wav,calm,happy
data/raw/TESS Toronto emotional speech set data\OAF_happy\OAF_came_happy.wav,came,happy
data/raw/TESS Toronto emotional speech set data\OAF_happy\OAF_cause_happy.wav,cause,happy
data/raw/TESS Toronto emotional speech set data\OAF_happy\OAF_chain_happy.wav,chain,happy
data/raw/TESS Toronto emotional speech set data\OAF_happy\OAF_chair_happy.wav,chair,happy
data/raw/TESS Toronto emotional speech set data\OAF_happy\OAF_chalk_happy.wav,chalk,happy
data/raw/TESS Toronto emotional speech set data\OAF_happy\OAF_chat_happy.wav,chat,happy
data/raw/TESS Toronto emotional speech set data\OAF_happy\OAF_check_happy.wav,check,happy
data/raw/TESS Toronto emotional speech set data\OAF_happy\OAF_cheek_happy.wav,cheek,happy
data/raw/TESS Toronto emotional speech set data\OAF_happy\OAF_chief_happy.wav,chief,happy
data/raw/TESS Toronto emotional speech set data\OAF_happy\OAF_choice_happy.wav,choice,happy
data/raw/TESS Toronto emotional speech set data\OAF_happy\OAF_cool_happy.wav,cool,happy
data/raw/TESS Toronto emotional speech set data\OAF_happy\OAF_dab_happy.wav,dab,happy
data/raw/TESS Toronto emotional speech set data\OAF_happy\OAF_date_happy.wav,date,happy
data/raw/TESS Toronto emotional speech set data\OAF_happy\OAF_dead_happy.wav,dead,happy
data/raw/TESS Toronto emotional speech set data\OAF_happy\OAF_death_happy.wav,death,happy
data/raw/TESS Toronto emotional speech set data\OAF_happy\OAF_deep_happy.wav,deep,happy
data/raw/TESS Toronto emotional speech set data\OAF_happy\OAF_dime_happy.wav,dime,happy
data/raw/TESS Toronto emotional speech set data\OAF_happy\OAF_dip_happy.wav,dip,happy
data/raw/TESS Toronto emotional speech set data\OAF_happy\OAF_ditch_happy.wav,ditch,happy
data/raw/TESS Toronto emotional speech set data\OAF_happy\OAF_dodge_happy.wav,dodge,happy
data/raw/TESS Toronto emotional speech set data\OAF_happy\OAF_dog_happy.wav,dog,happy
data/raw/TESS Toronto emotional speech set data\OAF_happy\OAF_doll_happy.wav,doll,happy
data/raw/TESS Toronto emotional speech set data\OAF_happy\OAF_door_happy.wav,door,happy
data/raw/TESS Toronto emotional speech set data\OAF_happy\OAF_fail_happy.wav,fail,happy
data/raw/TESS Toronto emotional speech set data\OAF_happy\OAF_fall_happy.wav,fall,happy
data/raw/TESS Toronto emotional speech set data\OAF_happy\OAF_far_happy.wav,far,happy
data/raw/TESS Toronto emotional speech set data\OAF_happy\OAF_fat_happy.wav,fat,happy
data/raw/TESS Toronto emotional speech set data\OAF_happy\OAF_fit_happy.wav,fit,happy
data/raw/TESS Toronto emotional speech set data\OAF_happy\OAF_five_happy.wav,five,happy
data/raw/TESS Toronto emotional speech set data\OAF_happy\OAF_food_happy.wav,food,happy
data/raw/TESS Toronto emotional speech set data\OAF_happy\OAF_gap_happy.wav,gap,happy
data/raw/TESS Toronto emotional speech set data\OAF_happy\OAF_gas_happy.wav,gas,happy
data/raw/TESS Toronto emotional speech set data\OAF_happy\OAF_gaze_happy.wav,gaze,happy
data/raw/TESS Toronto emotional speech set data\OAF_happy\OAF_germ_happy.wav,germ,happy
data/raw/TESS Toronto emotional speech set data\OAF_happy\OAF_get_happy.wav,get,happy
data/raw/TESS Toronto emotional speech set data\OAF_happy\OAF_gin_happy.wav,gin,happy
data/raw/TESS Toronto emotional speech set data\OAF_happy\OAF_goal_happy.wav,goal,happy
data/raw/TESS Toronto emotional speech set data\OAF_happy\OAF_good_happy.wav,good,happy
data/raw/TESS Toronto emotional speech set data\OAF_happy\OAF_goose_happy.wav,goose,happy
data/raw/TESS Toronto emotional speech set data\OAF_happy\OAF_gun_happy.wav,gun,happy
data/raw/TESS Toronto emotional speech set data\OAF_happy\OAF_half_happy.wav,half,happy
data/raw/TESS Toronto emotional speech set data\OAF_happy\OAF_hall_happy.wav,hall,happy
data/raw/TESS Toronto emotional speech set data\OAF_happy\OAF_hash_happy.wav,hash,happy
data/raw/TESS Toronto emotional speech set data\OAF_happy\OAF_hate_happy.wav,hate,happy
data/raw/TESS Toronto emotional speech set data\OAF_happy\OAF_have_happy.wav,have,happy
data/raw/TESS Toronto emotional speech set data\OAF_happy\OAF_haze_happy.wav,haze,happy
data/raw/TESS Toronto emotional speech set data\OAF_happy\OAF_hire_happy.wav,hire,happy
data/raw/TESS Toronto emotional speech set data\OAF_happy\OAF_hit_happy.wav,hit,happy
data/raw/TESS Toronto emotional speech set data\OAF_happy\OAF_hole_happy.wav,hole,happy
data/raw/TESS Toronto emotional speech set data\OAF_happy\OAF_home_happy.wav,home,happy
data/raw/TESS Toronto emotional speech set data\OAF_happy\OAF_hurl_happy.wav,hurl,happy
data/raw/TESS Toronto emotional speech set data\OAF_happy\OAF_hush_happy.wav,hush,happy
data/raw/TESS Toronto emotional speech set data\OAF_happy\OAF_jail_happy.wav,jail,happy
data/raw/TESS Toronto emotional speech set data\OAF_happy\OAF_jar_happy.wav,jar,happy
data/raw/TESS Toronto emotional speech set data\OAF_happy\OAF_join_happy.wav,join,happy
data/raw/TESS Toronto emotional speech set data\OAF_happy\OAF_judge_happy.wav,judge,happy
data/raw/TESS Toronto emotional speech set data\OAF_happy\OAF_jug_happy.wav,jug,happy
data/raw/TESS Toronto emotional speech set data\OAF_happy\OAF_juice_happy.wav,juice,happy
data/raw/TESS Toronto emotional speech set data\OAF_happy\OAF_keen_happy.wav,keen,happy
data/raw/TESS Toronto emotional speech set data\OAF_happy\OAF_keep_happy.wav,keep,happy
data/raw/TESS Toronto emotional speech set data\OAF_happy\OAF_keg_happy.wav,keg,happy
data/raw/TESS Toronto emotional speech set data\OAF_happy\OAF_kick_happy.wav,kick,happy
data/raw/TESS Toronto emotional speech set data\OAF_happy\OAF_kill_happy.wav,kill,happy
data/raw/TESS Toronto emotional speech set data\OAF_happy\OAF_king_happy.wav,king,happy
data/raw/TESS Toronto emotional speech set data\OAF_happy\OAF_kite_happy.wav,kite,happy
data/raw/TESS Toronto emotional speech set data\OAF_happy\OAF_knock_happy.wav,knock,happy
data/raw/TESS Toronto emotional speech set data\OAF_happy\OAF_late_happy.wav,late,happy
data/raw/TESS Toronto emotional speech set data\OAF_happy\OAF_laud_happy.wav,laud,happy
data/raw/TESS Toronto emotional speech set data\OAF_happy\OAF_lean_happy.wav,lean,happy
data/raw/TESS Toronto emotional speech set data\OAF_happy\OAF_learn_happy.wav,learn,happy
data/raw/TESS Toronto emotional speech set data\OAF_happy\OAF_lease_happy.wav,lease,happy
data/raw/TESS Toronto emotional speech set data\OAF_happy\OAF_lid_happy.wav,lid,happy
data/raw/TESS Toronto emotional speech set data\OAF_happy\OAF_life_happy.wav,life,happy
data/raw/TESS Toronto emotional speech set data\OAF_happy\OAF_limb_happy.wav,limb,happy
data/raw/TESS Toronto emotional speech set data\OAF_happy\OAF_live_happy.wav,live,happy
data/raw/TESS Toronto emotional speech set data\OAF_happy\OAF_loaf_happy.wav,loaf,happy
data/raw/TESS Toronto emotional speech set data\OAF_happy\OAF_long_happy.wav,long,happy
data/raw/TESS Toronto emotional speech set data\OAF_happy\OAF_lore_happy.wav,lore,happy
data/raw/TESS Toronto emotional speech set data\OAF_happy\OAF_lose_happy.wav,lose,happy
data/raw/TESS Toronto emotional speech set data\OAF_happy\OAF_lot_happy.wav,lot,happy
data/raw/TESS Toronto emotional speech set data\OAF_happy\OAF_love_happy.wav,love,happy
data/raw/TESS Toronto emotional speech set data\OAF_happy\OAF_luck_happy.wav,luck,happy
data/raw/TESS Toronto emotional speech set data\OAF_happy\OAF_make_happy.wav,make,happy
data/raw/TESS Toronto emotional speech set data\OAF_happy\OAF_match_happy.wav,match,happy
data/raw/TESS Toronto emotional speech set data\OAF_happy\OAF_merge_happy.wav,merge,happy
data/raw/TESS Toronto emotional speech set data\OAF_happy\OAF_mess_happy.wav,mess,happy
data/raw/TESS Toronto emotional speech set data\OAF_happy\OAF_met_happy.wav,met,happy
data/raw/TESS Toronto emotional speech set data\OAF_happy\OAF_mill_happy.wav,mill,happy
data/raw/TESS Toronto emotional speech set data\OAF_happy\OAF_mob_happy.wav,mob,happy
data/raw/TESS Toronto emotional speech set data\OAF_happy\OAF_mode_happy.wav,mode,happy
data/raw/TESS Toronto emotional speech set data\OAF_happy\OAF_mood_happy.wav,mood,happy
data/raw/TESS Toronto emotional speech set data\OAF_happy\OAF_moon_happy.wav,moon,happy
data/raw/TESS Toronto emotional speech set data\OAF_happy\OAF_mop_happy.wav,mop,happy
data/raw/TESS Toronto emotional speech set data\OAF_happy\OAF_mouse_happy.wav,mouse,happy
data/raw/TESS Toronto emotional speech set data\OAF_happy\OAF_nag_happy.wav,nag,happy
data/raw/TESS Toronto emotional speech set data\OAF_happy\OAF_name_happy.wav,name,happy
data/raw/TESS Toronto emotional speech set data\OAF_happy\OAF_near_happy.wav,near,happy
data/raw/TESS Toronto emotional speech set data\OAF_happy\OAF_neat_happy.wav,neat,happy
data/raw/TESS Toronto emotional speech set data\OAF_happy\OAF_nice_happy.wav,nice,happy
data/raw/TESS Toronto emotional speech set data\OAF_happy\OAF_note_happy.wav,note,happy
data/raw/TESS Toronto emotional speech set data\OAF_happy\OAF_numb_happy.wav,numb,happy
data/raw/TESS Toronto emotional speech set data\OAF_happy\OAF_pad_happy.wav,pad,happy
data/raw/TESS Toronto emotional speech set data\OAF_happy\OAF_page_happy.wav,page,happy
data/raw/TESS Toronto emotional speech set data\OAF_happy\OAF_pain_happy.wav,pain,happy
data/raw/TESS Toronto emotional speech set data\OAF_happy\OAF_pass_happy.wav,pass,happy
data/raw/TESS Toronto emotional speech set data\OAF_happy\OAF_pearl_happy.wav,pearl,happy
data/raw/TESS Toronto emotional speech set data\OAF_happy\OAF_peg_happy.wav,peg,happy
data/raw/TESS Toronto emotional speech set data\OAF_happy\OAF_perch_happy.wav,perch,happy
data/raw/TESS Toronto emotional speech set data\OAF_happy\OAF_phone_happy.wav,phone,happy
data/raw/TESS Toronto emotional speech set data\OAF_happy\OAF_pick_happy.wav,pick,happy
data/raw/TESS Toronto emotional speech set data\OAF_happy\OAF_pike_happy.wav,pike,happy
data/raw/TESS Toronto emotional speech set data\OAF_happy\OAF_pole_happy.wav,pole,happy
data/raw/TESS Toronto emotional speech set data\OAF_happy\OAF_pool_happy.wav,pool,happy
data/raw/TESS Toronto emotional speech set data\OAF_happy\OAF_puff_happy.wav,puff,happy
data/raw/TESS Toronto emotional speech set data\OAF_happy\OAF_rag_happy.wav,rag,happy
data/raw/TESS Toronto emotional speech set data\OAF_happy\OAF_raid_happy.wav,raid,happy
data/raw/TESS Toronto emotional speech set data\OAF_happy\OAF_rain_happy.wav,rain,happy
data/raw/TESS Toronto emotional speech set data\OAF_happy\OAF_raise_happy.wav,raise,happy
data/raw/TESS Toronto emotional speech set data\OAF_happy\OAF_rat_happy.wav,rat,happy
data/raw/TESS Toronto emotional speech set data\OAF_happy\OAF_reach_happy.wav,reach,happy
data/raw/TESS Toronto emotional speech set data\OAF_happy\OAF_read_happy.wav,read,happy
data/raw/TESS Toronto emotional speech set data\OAF_happy\OAF_red_happy.wav,red,happy
data/raw/TESS Toronto emotional speech set data\OAF_happy\OAF_ring_happy.wav,ring,happy
data/raw/TESS Toronto emotional speech set data\OAF_happy\OAF_ripe_happy.wav,ripe,happy
data/raw/TESS Toronto emotional speech set data\OAF_happy\OAF_road_happy.wav,road,happy
data/raw/TESS Toronto emotional speech set data\OAF_happy\OAF_room_happy.wav,room,happy
data/raw/TESS Toronto emotional speech set data\OAF_happy\OAF_rose_happy.wav,rose,happy
data/raw/TESS Toronto emotional speech set data\OAF_happy\OAF_rot_happy.wav,rot,happy
data/raw/TESS Toronto emotional speech set data\OAF_happy\OAF_rough_happy.wav,rough,happy
data/raw/TESS Toronto emotional speech set data\OAF_happy\OAF_rush_happy.wav,rush,happy
data/raw/TESS Toronto emotional speech set data\OAF_happy\OAF_said_happy.wav,said,happy
data/raw/TESS Toronto emotional speech set data\OAF_happy\OAF_sail_happy.wav,sail,happy
data/raw/TESS Toronto emotional speech set data\OAF_happy\OAF_search_happy.wav,search,happy
data/raw/TESS Toronto emotional speech set data\OAF_happy\OAF_seize_happy.wav,seize,happy
data/raw/TESS Toronto emotional speech set data\OAF_happy\OAF_sell_happy.wav,sell,happy
data/raw/TESS Toronto emotional speech set data\OAF_happy\OAF_shack_happy.wav,shack,happy
data/raw/TESS Toronto emotional speech set data\OAF_happy\OAF_shall_happy.wav,shall,happy
data/raw/TESS Toronto emotional speech set data\OAF_happy\OAF_shawl_happy.wav,shawl,happy
data/raw/TESS Toronto emotional speech set data\OAF_happy\OAF_sheep_happy.wav,sheep,happy
data/raw/TESS Toronto emotional speech set data\OAF_happy\OAF_shirt_happy.wav,shirt,happy
data/raw/TESS Toronto emotional speech set data\OAF_happy\OAF_should_happy.wav,should,happy
data/raw/TESS Toronto emotional speech set data\OAF_happy\OAF_shout_happy.wav,shout,happy
data/raw/TESS Toronto emotional speech set data\OAF_happy\OAF_size_happy.wav,size,happy
data/raw/TESS Toronto emotional speech set data\OAF_happy\OAF_soap_happy.wav,soap,happy
data/raw/TESS Toronto emotional speech set data\OAF_happy\OAF_soup_happy.wav,soup,happy
data/raw/TESS Toronto emotional speech set data\OAF_happy\OAF_sour_happy.wav,sour,happy
data/raw/TESS Toronto emotional speech set data\OAF_happy\OAF_south_happy.wav,south,happy
data/raw/TESS Toronto emotional speech set data\OAF_happy\OAF_sub_happy.wav,sub,happy
data/raw/TESS Toronto emotional speech set data\OAF_happy\OAF_such_happy.wav,such,happy
data/raw/TESS Toronto emotional speech set data\OAF_happy\OAF_sure_happy.wav,sure,happy
data/raw/TESS Toronto emotional speech set data\OAF_happy\OAF_take_happy.wav,take,happy
data/raw/TESS Toronto emotional speech set data\OAF_happy\OAF_talk_happy.wav,talk,happy
data/raw/TESS Toronto emotional speech set data\OAF_happy\OAF_tape_happy.wav,tape,happy
data/raw/TESS Toronto emotional speech set data\OAF_happy\OAF_team_happy.wav,team,happy
data/raw/TESS Toronto emotional speech set data\OAF_happy\OAF_tell_happy.wav,tell,happy
data/raw/TESS Toronto emotional speech set data\OAF_happy\OAF_thin_happy.wav,thin,happy
data/raw/TESS Toronto emotional speech set data\OAF_happy\OAF_third_happy.wav,third,happy
data/raw/TESS Toronto emotional speech set data\OAF_happy\OAF_thought_happy.wav,thought,happy
data/raw/TESS Toronto emotional speech set data\OAF_happy\OAF_thumb_happy.wav,thumb,happy
data/raw/TESS Toronto emotional speech set data\OAF_happy\OAF_time_happy.wav,time,happy
data/raw/TESS Toronto emotional speech set data\OAF_happy\OAF_tip_happy.wav,tip,happy
data/raw/TESS Toronto emotional speech set data\OAF_happy\OAF_tire_happy.wav,tire,happy
data/raw/TESS Toronto emotional speech set data\OAF_happy\OAF_ton_happy.wav,ton,happy
data/raw/TESS Toronto emotional speech set data\OAF_happy\OAF_tool_happy.wav,tool,happy
data/raw/TESS Toronto emotional speech set data\OAF_happy\OAF_tough_happy.wav,tough,happy
data/raw/TESS Toronto emotional speech set data\OAF_happy\OAF_turn_happy.wav,turn,happy
data/raw/TESS Toronto emotional speech set data\OAF_happy\OAF_vine_happy.wav,vine,happy
data/raw/TESS Toronto emotional speech set data\OAF_happy\OAF_voice_happy.wav,voice,happy
data/raw/TESS Toronto emotional speech set data\OAF_happy\OAF_void_happy.wav,void,happy
data/raw/TESS Toronto emotional speech set data\OAF_happy\OAF_vote_happy.wav,vote,happy
data/raw/TESS Toronto emotional speech set data\OAF_happy\OAF_wag_happy.wav,wag,happy
data/raw/TESS Toronto emotional speech set data\OAF_happy\OAF_walk_happy.wav,walk,happy
data/raw/TESS Toronto emotional speech set data\OAF_happy\OAF_wash_happy.wav,wash,happy
data/raw/TESS Toronto emotional speech set data\OAF_happy\OAF_week_happy.wav,week,happy
data/raw/TESS Toronto emotional speech set data\OAF_happy\OAF_wheat_happy.wav,wheat,happy
data/raw/TESS Toronto emotional speech set data\OAF_happy\OAF_when_happy.wav,when,happy
data/raw/TESS Toronto emotional speech set data\OAF_happy\OAF_which_happy.wav,which,happy
data/raw/TESS Toronto emotional speech set data\OAF_happy\OAF_whip_happy.wav,whip,happy
data/raw/TESS Toronto emotional speech set data\OAF_happy\OAF_white_happy.wav,white,happy
data/raw/TESS Toronto emotional speech set data\OAF_happy\OAF_wife_happy.wav,wife,happy
data/raw/TESS Toronto emotional speech set data\OAF_happy\OAF_wire_happy.wav,wire,happy
data/raw/TESS Toronto emotional speech set data\OAF_happy\OAF_witch_happy.wav,witch,happy
data/raw/TESS Toronto emotional speech set data\OAF_happy\OAF_yearn_happy.wav,yearn,happy
data/raw/TESS Toronto emotional speech set data\OAF_happy\OAF_yes_happy.wav,yes,happy
data/raw/TESS Toronto emotional speech set data\OAF_happy\OAF_young_happy.wav,young,happy
data/raw/TESS Toronto emotional speech set data\OAF_happy\OAF_youth_happy.wav,youth,happy
data/raw/TESS Toronto emotional speech set data\OAF_neutral\OAF_back_neutral.wav,back,neutral
data/raw/TESS Toronto emotional speech set data\OAF_neutral\OAF_bar_neutral.wav,bar,neutral
data/raw/TESS Toronto emotional speech set data\OAF_neutral\OAF_base_neutral.wav,base,neutral
data/raw/TESS Toronto emotional speech set data\OAF_neutral\OAF_bath_neutral.wav,bath,neutral
data/raw/TESS Toronto emotional speech set data\OAF_neutral\OAF_bean_neutral.wav,bean,neutral
data/raw/TESS Toronto emotional speech set data\OAF_neutral\OAF_beg_neutral.wav,beg,neutral
data/raw/TESS Toronto emotional speech set data\OAF_neutral\OAF_boat_neutral.wav,boat,neutral
data/raw/TESS Toronto emotional speech set data\OAF_neutral\OAF_bone_neutral.wav,bone,neutral
data/raw/TESS Toronto emotional speech set data\OAF_neutral\OAF_book_neutral.wav,book,neutral
data/raw/TESS Toronto emotional speech set data\OAF_neutral\OAF_bought_neutral.wav,bought,neutral
data/raw/TESS Toronto emotional speech set data\OAF_neutral\OAF_burn_neutral.wav,burn,neutral
data/raw/TESS Toronto emotional speech set data\OAF_neutral\OAF_cab_neutral.wav,cab,neutral
data/raw/TESS Toronto emotional speech set data\OAF_neutral\OAF_calm_neutral.wav,calm,neutral
data/raw/TESS Toronto emotional speech set data\OAF_neutral\OAF_came_neutral.wav,came,neutral
data/raw/TESS Toronto emotional speech set data\OAF_neutral\OAF_cause_neutral.wav,cause,neutral
data/raw/TESS Toronto emotional speech set data\OAF_neutral\OAF_chain_neutral.wav,chain,neutral
data/raw/TESS Toronto emotional speech set data\OAF_neutral\OAF_chair_neutral.wav,chair,neutral
data/raw/TESS Toronto emotional speech set data\OAF_neutral\OAF_chalk_neutral.wav,chalk,neutral
data/raw/TESS Toronto emotional speech set data\OAF_neutral\OAF_chat_neutral.wav,chat,neutral
data/raw/TESS Toronto emotional speech set data\OAF_neutral\OAF_check_neutral.wav,check,neutral
data/raw/TESS Toronto emotional speech set data\OAF_neutral\OAF_cheek_neutral.wav,cheek,neutral
data/raw/TESS Toronto emotional speech set data\OAF_neutral\OAF_chief_neutral.wav,chief,neutral
data/raw/TESS Toronto emotional speech set data\OAF_neutral\OAF_choice_neutral.wav,choice,neutral
data/raw/TESS Toronto emotional speech set data\OAF_neutral\OAF_cool_neutral.wav,cool,neutral
data/raw/TESS Toronto emotional speech set data\OAF_neutral\OAF_dab_neutral.wav,dab,neutral
data/raw/TESS Toronto emotional speech set data\OAF_neutral\OAF_date_neutral.wav,date,neutral
data/raw/TESS Toronto emotional speech set data\OAF_neutral\OAF_dead_neutral.wav,dead,neutral
data/raw/TESS Toronto emotional speech set data\OAF_neutral\OAF_death_neutral.wav,death,neutral
data/raw/TESS Toronto emotional speech set data\OAF_neutral\OAF_deep_neutral.wav,deep,neutral
data/raw/TESS Toronto emotional speech set data\OAF_neutral\OAF_dime_neutral.wav,dime,neutral
data/raw/TESS Toronto emotional speech set data\OAF_neutral\OAF_dip_neutral.wav,dip,neutral
data/raw/TESS Toronto emotional speech set data\OAF_neutral\OAF_ditch_neutral.wav,ditch,neutral
data/raw/TESS Toronto emotional speech set data\OAF_neutral\OAF_dodge_neutral.wav,dodge,neutral
data/raw/TESS Toronto emotional speech set data\OAF_neutral\OAF_dog_neutral.wav,dog,neutral
data/raw/TESS Toronto emotional speech set data\OAF_neutral\OAF_doll_neutral.wav,doll,neutral
data/raw/TESS Toronto emotional speech set data\OAF_neutral\OAF_door_neutral.wav,door,neutral
data/raw/TESS Toronto emotional speech set data\OAF_neutral\OAF_fail_neutral.wav,fail,neutral
data/raw/TESS Toronto emotional speech set data\OAF_neutral\OAF_fall_neutral.wav,fall,neutral
data/raw/TESS Toronto emotional speech set data\OAF_neutral\OAF_far_neutral.wav,far,neutral
data/raw/TESS Toronto emotional speech set data\OAF_neutral\OAF_fat_neutral.wav,fat,neutral
data/raw/TESS Toronto emotional speech set data\OAF_neutral\OAF_fit_neutral.wav,fit,neutral
data/raw/TESS Toronto emotional speech set data\OAF_neutral\OAF_five_neutral.wav,five,neutral
data/raw/TESS Toronto emotional speech set data\OAF_neutral\OAF_food_neutral.wav,food,neutral
data/raw/TESS Toronto emotional speech set data\OAF_neutral\OAF_gap_neutral.wav,gap,neutral
data/raw/TESS Toronto emotional speech set data\OAF_neutral\OAF_gas_neutral.wav,gas,neutral
data/raw/TESS Toronto emotional speech set data\OAF_neutral\OAF_gaze_neutral.wav,gaze,neutral
data/raw/TESS Toronto emotional speech set data\OAF_neutral\OAF_germ_neutral.wav,germ,neutral
data/raw/TESS Toronto emotional speech set data\OAF_neutral\OAF_get_neutral.wav,get,neutral
data/raw/TESS Toronto emotional speech set data\OAF_neutral\OAF_gin_neutral.wav,gin,neutral
data/raw/TESS Toronto emotional speech set data\OAF_neutral\OAF_goal_neutral.wav,goal,neutral
data/raw/TESS Toronto emotional speech set data\OAF_neutral\OAF_good_neutral.wav,good,neutral
data/raw/TESS Toronto emotional speech set data\OAF_neutral\OAF_goose_neutral.wav,goose,neutral
data/raw/TESS Toronto emotional speech set data\OAF_neutral\OAF_gun_neutral.wav,gun,neutral
data/raw/TESS Toronto emotional speech set data\OAF_neutral\OAF_half_neutral.wav,half,neutral
data/raw/TESS Toronto emotional speech set data\OAF_neutral\OAF_hall_neutral.wav,hall,neutral
data/raw/TESS Toronto emotional speech set data\OAF_neutral\OAF_hash_neutral.wav,hash,neutral
data/raw/TESS Toronto emotional speech set data\OAF_neutral\OAF_hate_neutral.wav,hate,neutral
data/raw/TESS Toronto emotional speech set data\OAF_neutral\OAF_have_neutral.wav,have,neutral
data/raw/TESS Toronto emotional speech set data\OAF_neutral\OAF_haze_neutral.wav,haze,neutral
data/raw/TESS Toronto emotional speech set data\OAF_neutral\OAF_hire_neutral.wav,hire,neutral
data/raw/TESS Toronto emotional speech set data\OAF_neutral\OAF_hit_neutral.wav,hit,neutral
data/raw/TESS Toronto emotional speech set data\OAF_neutral\OAF_hole_neutral.wav,hole,neutral
data/raw/TESS Toronto emotional speech set data\OAF_neutral\OAF_home_neutral.wav,home,neutral
data/raw/TESS Toronto emotional speech set data\OAF_neutral\OAF_hurl_neutral.wav,hurl,neutral
data/raw/TESS Toronto emotional speech set data\OAF_neutral\OAF_hush_neutral.wav,hush,neutral
data/raw/TESS Toronto emotional speech set data\OAF_neutral\OAF_jail_neutral.wav,jail,neutral
data/raw/TESS Toronto emotional speech set data\OAF_neutral\OAF_jar_neutral.wav,jar,neutral
data/raw/TESS Toronto emotional speech set data\OAF_neutral\OAF_join_neutral.wav,join,neutral
data/raw/TESS Toronto emotional speech set data\OAF_neutral\OAF_judge_neutral.wav,judge,neutral
data/raw/TESS Toronto emotional speech set data\OAF_neutral\OAF_jug_neutral.wav,jug,neutral
data/raw/TESS Toronto emotional speech set data\OAF_neutral\OAF_juice_neutral.wav,juice,neutral
data/raw/TESS Toronto emotional speech set data\OAF_neutral\OAF_keen_neutral.wav,keen,neutral
data/raw/TESS Toronto emotional speech set data\OAF_neutral\OAF_keep_neutral.wav,keep,neutral
data/raw/TESS Toronto emotional speech set data\OAF_neutral\OAF_keg_neutral.wav,keg,neutral
data/raw/TESS Toronto emotional speech set data\OAF_neutral\OAF_kick_neutral.wav,kick,neutral
data/raw/TESS Toronto emotional speech set data\OAF_neutral\OAF_kill_neutral.wav,kill,neutral
data/raw/TESS Toronto emotional speech set data\OAF_neutral\OAF_king_neutral.wav,king,neutral
data/raw/TESS Toronto emotional speech set data\OAF_neutral\OAF_kite_neutral.wav,kite,neutral
data/raw/TESS Toronto emotional speech set data\OAF_neutral\OAF_knock_neutral.wav,knock,neutral
data/raw/TESS Toronto emotional speech set data\OAF_neutral\OAF_late_neutral.wav,late,neutral
data/raw/TESS Toronto emotional speech set data\OAF_neutral\OAF_laud_neutral.wav,laud,neutral
data/raw/TESS Toronto emotional speech set data\OAF_neutral\OAF_lean_neutral.wav,lean,neutral
data/raw/TESS Toronto emotional speech set data\OAF_neutral\OAF_learn_neutral.wav,learn,neutral
data/raw/TESS Toronto emotional speech set data\OAF_neutral\OAF_lease_neutral.wav,lease,neutral
data/raw/TESS Toronto emotional speech set data\OAF_neutral\OAF_lid_neutral.wav,lid,neutral
data/raw/TESS Toronto emotional speech set data\OAF_neutral\OAF_life_neutral.wav,life,neutral
data/raw/TESS Toronto emotional speech set data\OAF_neutral\OAF_limb_neutral.wav,limb,neutral
data/raw/TESS Toronto emotional speech set data\OAF_neutral\OAF_live_neutral.wav,live,neutral
data/raw/TESS Toronto emotional speech set data\OAF_neutral\OAF_loaf_neutral.wav,loaf,neutral
data/raw/TESS Toronto emotional speech set data\OAF_neutral\OAF_long_neutral.wav,long,neutral
data/raw/TESS Toronto emotional speech set data\OAF_neutral\OAF_lore_neutral.wav,lore,neutral
data/raw/TESS Toronto emotional speech set data\OAF_neutral\OAF_lose_neutral.wav,lose,neutral
data/raw/TESS Toronto emotional speech set data\OAF_neutral\OAF_lot_neutral.wav,lot,neutral
data/raw/TESS Toronto emotional speech set data\OAF_neutral\OAF_love_neutral.wav,love,neutral
data/raw/TESS Toronto emotional speech set data\OAF_neutral\OAF_luck_neutral.wav,luck,neutral
data/raw/TESS Toronto emotional speech set data\OAF_neutral\OAF_make_neutral.wav,make,neutral
data/raw/TESS Toronto emotional speech set data\OAF_neutral\OAF_match_neutral.wav,match,neutral
data/raw/TESS Toronto emotional speech set data\OAF_neutral\OAF_merge_neutral.wav,merge,neutral
data/raw/TESS Toronto emotional speech set data\OAF_neutral\OAF_mess_neutral.wav,mess,neutral
data/raw/TESS Toronto emotional speech set data\OAF_neutral\OAF_met_neutral.wav,met,neutral
data/raw/TESS Toronto emotional speech set data\OAF_neutral\OAF_mill_neutral.wav,mill,neutral
data/raw/TESS Toronto emotional speech set data\OAF_neutral\OAF_mob_neutral.wav,mob,neutral
data/raw/TESS Toronto emotional speech set data\OAF_neutral\OAF_mode_neutral.wav,mode,neutral
data/raw/TESS Toronto emotional speech set data\OAF_neutral\OAF_mood_neutral.wav,mood,neutral
data/raw/TESS Toronto emotional speech set data\OAF_neutral\OAF_moon_neutral.wav,moon,neutral
data/raw/TESS Toronto emotional speech set data\OAF_neutral\OAF_mop_neutral.wav,mop,neutral
data/raw/TESS Toronto emotional speech set data\OAF_neutral\OAF_mouse_neutral.wav,mouse,neutral
data/raw/TESS Toronto emotional speech set data\OAF_neutral\OAF_nag_neutral.wav,nag,neutral
data/raw/TESS Toronto emotional speech set data\OAF_neutral\OAF_name_neutral.wav,name,neutral
data/raw/TESS Toronto emotional speech set data\OAF_neutral\OAF_near_neutral.wav,near,neutral
data/raw/TESS Toronto emotional speech set data\OAF_neutral\OAF_neat_neutral.wav,neat,neutral
data/raw/TESS Toronto emotional speech set data\OAF_neutral\OAF_nice_neutral.wav,nice,neutral
data/raw/TESS Toronto emotional speech set data\OAF_neutral\OAF_note_neutral.wav,note,neutral
data/raw/TESS Toronto emotional speech set data\OAF_neutral\OAF_numb_neutral.wav,numb,neutral
data/raw/TESS Toronto emotional speech set data\OAF_neutral\OAF_pad_neutral.wav,pad,neutral
data/raw/TESS Toronto emotional speech set data\OAF_neutral\OAF_page_neutral.wav,page,neutral
data/raw/TESS Toronto emotional speech set data\OAF_neutral\OAF_pain_neutral.wav,pain,neutral
data/raw/TESS Toronto emotional speech set data\OAF_neutral\OAF_pass_neutral.wav,pass,neutral
data/raw/TESS Toronto emotional speech set data\OAF_neutral\OAF_pearl_neutral.wav,pearl,neutral
data/raw/TESS Toronto emotional speech set data\OAF_neutral\OAF_peg_neutral.wav,peg,neutral
data/raw/TESS Toronto emotional speech set data\OAF_neutral\OAF_perch_neutral.wav,perch,neutral
data/raw/TESS Toronto emotional speech set data\OAF_neutral\OAF_phone_neutral.wav,phone,neutral
data/raw/TESS Toronto emotional speech set data\OAF_neutral\OAF_pick_neutral.wav,pick,neutral
data/raw/TESS Toronto emotional speech set data\OAF_neutral\OAF_pike_neutral.wav,pike,neutral
data/raw/TESS Toronto emotional speech set data\OAF_neutral\OAF_pole_neutral.wav,pole,neutral
data/raw/TESS Toronto emotional speech set data\OAF_neutral\OAF_pool_neutral.wav,pool,neutral
data/raw/TESS Toronto emotional speech set data\OAF_neutral\OAF_puff_neutral.wav,puff,neutral
data/raw/TESS Toronto emotional speech set data\OAF_neutral\OAF_rag_neutral.wav,rag,neutral
data/raw/TESS Toronto emotional speech set data\OAF_neutral\OAF_raid_neutral.wav,raid,neutral
data/raw/TESS Toronto emotional speech set data\OAF_neutral\OAF_rain_neutral.wav,rain,neutral
data/raw/TESS Toronto emotional speech set data\OAF_neutral\OAF_raise_neutral.wav,raise,neutral
data/raw/TESS Toronto emotional speech set data\OAF_neutral\OAF_rat_neutral.wav,rat,neutral
data/raw/TESS Toronto emotional speech set data\OAF_neutral\OAF_reach_neutral.wav,reach,neutral
data/raw/TESS Toronto emotional speech set data\OAF_neutral\OAF_read_neutral.wav,read,neutral
data/raw/TESS Toronto emotional speech set data\OAF_neutral\OAF_red_neutral.wav,red,neutral
data/raw/TESS Toronto emotional speech set data\OAF_neutral\OAF_ring_neutral.wav,ring,neutral
data/raw/TESS Toronto emotional speech set data\OAF_neutral\OAF_ripe_neutral.wav,ripe,neutral
data/raw/TESS Toronto emotional speech set data\OAF_neutral\OAF_road_neutral.wav,road,neutral
data/raw/TESS Toronto emotional speech set data\OAF_neutral\OAF_room_neutral.wav,room,neutral
data/raw/TESS Toronto emotional speech set data\OAF_neutral\OAF_rose_neutral.wav,rose,neutral
data/raw/TESS Toronto emotional speech set data\OAF_neutral\OAF_rot_neutral.wav,rot,neutral
data/raw/TESS Toronto emotional speech set data\OAF_neutral\OAF_rough_neutral.wav,rough,neutral
data/raw/TESS Toronto emotional speech set data\OAF_neutral\OAF_rush_neutral.wav,rush,neutral
data/raw/TESS Toronto emotional speech set data\OAF_neutral\OAF_said_neutral.wav,said,neutral
data/raw/TESS Toronto emotional speech set data\OAF_neutral\OAF_sail_neutral.wav,sail,neutral
data/raw/TESS Toronto emotional speech set data\OAF_neutral\OAF_search_neutral.wav,search,neutral
data/raw/TESS Toronto emotional speech set data\OAF_neutral\OAF_seize_neutral.wav,seize,neutral
data/raw/TESS Toronto emotional speech set data\OAF_neutral\OAF_sell_neutral.wav,sell,neutral
data/raw/TESS Toronto emotional speech set data\OAF_neutral\OAF_shack_neutral.wav,shack,neutral
data/raw/TESS Toronto emotional speech set data\OAF_neutral\OAF_shall_neutral.wav,shall,neutral
data/raw/TESS Toronto emotional speech set data\OAF_neutral\OAF_shawl_neutral.wav,shawl,neutral
data/raw/TESS Toronto emotional speech set data\OAF_neutral\OAF_sheep_neutral.wav,sheep,neutral
data/raw/TESS Toronto emotional speech set data\OAF_neutral\OAF_shirt_neutral.wav,shirt,neutral
data/raw/TESS Toronto emotional speech set data\OAF_neutral\OAF_should_neutral.wav,should,neutral
data/raw/TESS Toronto emotional speech set data\OAF_neutral\OAF_shout_neutral.wav,shout,neutral
data/raw/TESS Toronto emotional speech set data\OAF_neutral\OAF_size_neutral.wav,size,neutral
data/raw/TESS Toronto emotional speech set data\OAF_neutral\OAF_soap_neutral.wav,soap,neutral
data/raw/TESS Toronto emotional speech set data\OAF_neutral\OAF_soup_neutral.wav,soup,neutral
data/raw/TESS Toronto emotional speech set data\OAF_neutral\OAF_sour_neutral.wav,sour,neutral
data/raw/TESS Toronto emotional speech set data\OAF_neutral\OAF_south_neutral.wav,south,neutral
data/raw/TESS Toronto emotional speech set data\OAF_neutral\OAF_sub_neutral.wav,sub,neutral
data/raw/TESS Toronto emotional speech set data\OAF_neutral\OAF_such_neutral.wav,such,neutral
data/raw/TESS Toronto emotional speech set data\OAF_neutral\OAF_sure_neutral.wav,sure,neutral
data/raw/TESS Toronto emotional speech set data\OAF_neutral\OAF_take_neutral.wav,take,neutral
data/raw/TESS Toronto emotional speech set data\OAF_neutral\OAF_talk_neutral.wav,talk,neutral
data/raw/TESS Toronto emotional speech set data\OAF_neutral\OAF_tape_neutral.wav,tape,neutral
data/raw/TESS Toronto emotional speech set data\OAF_neutral\OAF_team_neutral.wav,team,neutral
data/raw/TESS Toronto emotional speech set data\OAF_neutral\OAF_tell_neutral.wav,tell,neutral
data/raw/TESS Toronto emotional speech set data\OAF_neutral\OAF_thin_neutral.wav,thin,neutral
data/raw/TESS Toronto emotional speech set data\OAF_neutral\OAF_third_neutral.wav,third,neutral
data/raw/TESS Toronto emotional speech set data\OAF_neutral\OAF_thought_neutral.wav,thought,neutral
data/raw/TESS Toronto emotional speech set data\OAF_neutral\OAF_thumb_neutral.wav,thumb,neutral
data/raw/TESS Toronto emotional speech set data\OAF_neutral\OAF_time_neutral.wav,time,neutral
data/raw/TESS Toronto emotional speech set data\OAF_neutral\OAF_tip_neutral.wav,tip,neutral
data/raw/TESS Toronto emotional speech set data\OAF_neutral\OAF_tire_neutral.wav,tire,neutral
data/raw/TESS Toronto emotional speech set data\OAF_neutral\OAF_ton_neutral.wav,ton,neutral
data/raw/TESS Toronto emotional speech set data\OAF_neutral\OAF_tool_neutral.wav,tool,neutral
data/raw/TESS Toronto emotional speech set data\OAF_neutral\OAF_tough_neutral.wav,tough,neutral
data/raw/TESS Toronto emotional speech set data\OAF_neutral\OAF_turn_neutral.wav,turn,neutral
data/raw/TESS Toronto emotional speech set data\OAF_neutral\OAF_vine_neutral.wav,vine,neutral
data/raw/TESS Toronto emotional speech set data\OAF_neutral\OAF_voice_neutral.wav,voice,neutral
data/raw/TESS Toronto emotional speech set data\OAF_neutral\OAF_void_neutral.wav,void,neutral
data/raw/TESS Toronto emotional speech set data\OAF_neutral\OAF_vote_neutral.wav,vote,neutral
data/raw/TESS Toronto emotional speech set data\OAF_neutral\OAF_wag_neutral.wav,wag,neutral
data/raw/TESS Toronto emotional speech set data\OAF_neutral\OAF_walk_neutral.wav,walk,neutral
data/raw/TESS Toronto emotional speech set data\OAF_neutral\OAF_wash_neutral.wav,wash,neutral
data/raw/TESS Toronto emotional speech set data\OAF_neutral\OAF_week_neutral.wav,week,neutral
data/raw/TESS Toronto emotional speech set data\OAF_neutral\OAF_wheat_neutral.wav,wheat,neutral
data/raw/TESS Toronto emotional speech set data\OAF_neutral\OAF_when_neutral.wav,when,neutral
data/raw/TESS Toronto emotional speech set data\OAF_neutral\OAF_which_neutral.wav,which,neutral
data/raw/TESS Toronto emotional speech set data\OAF_neutral\OAF_whip_neutral.wav,whip,neutral
data/raw/TESS Toronto emotional speech set data\OAF_neutral\OAF_white_neutral.wav,white,neutral
data/raw/TESS Toronto emotional speech set data\OAF_neutral\OAF_wife_neutral.wav,wife,neutral
data/raw/TESS Toronto emotional speech set data\OAF_neutral\OAF_wire_neutral.wav,wire,neutral
data/raw/TESS Toronto emotional speech set data\OAF_neutral\OAF_witch_neutral.wav,witch,neutral
data/raw/TESS Toronto emotional speech set data\OAF_neutral\OAF_yearn_neutral.wav,yearn,neutral
data/raw/TESS Toronto emotional speech set data\OAF_neutral\OAF_yes_neutral.wav,yes,neutral
data/raw/TESS Toronto emotional speech set data\OAF_neutral\OAF_young_neutral.wav,young,neutral
data/raw/TESS Toronto emotional speech set data\OAF_neutral\OAF_youth_neutral.wav,youth,neutral
data/raw/TESS Toronto emotional speech set data\OAF_neutral\OA_bite_neutral.wav,bite,neutral
data/raw/TESS Toronto emotional speech set data\OAF_Pleasant_surprise\OAF_back_ps.wav,back,ps
data/raw/TESS Toronto emotional speech set data\OAF_Pleasant_surprise\OAF_bar_ps.wav,bar,ps
data/raw/TESS Toronto emotional speech set data\OAF_Pleasant_surprise\OAF_base_ps.wav,base,ps
data/raw/TESS Toronto emotional speech set data\OAF_Pleasant_surprise\OAF_bath_ps.wav,bath,ps
data/raw/TESS Toronto emotional speech set data\OAF_Pleasant_surprise\OAF_bean_ps.wav,bean,ps
data/raw/TESS Toronto emotional speech set data\OAF_Pleasant_surprise\OAF_beg_ps.wav,beg,ps
data/raw/TESS Toronto emotional speech set data\OAF_Pleasant_surprise\OAF_bite_ps.wav,bite,ps
data/raw/TESS Toronto emotional speech set data\OAF_Pleasant_surprise\OAF_boat_ps.wav,boat,ps
data/raw/TESS Toronto emotional speech set data\OAF_Pleasant_surprise\OAF_bone_ps.wav,bone,ps
data/raw/TESS Toronto emotional speech set data\OAF_Pleasant_surprise\OAF_book_ps.wav,book,ps
data/raw/TESS Toronto emotional speech set data\OAF_Pleasant_surprise\OAF_bought_ps.wav,bought,ps
data/raw/TESS Toronto emotional speech set data\OAF_Pleasant_surprise\OAF_burn_ps.wav,burn,ps
data/raw/TESS Toronto emotional speech set data\OAF_Pleasant_surprise\OAF_cab_ps.wav,cab,ps
data/raw/TESS Toronto emotional speech set data\OAF_Pleasant_surprise\OAF_calm_ps.wav,calm,ps
data/raw/TESS Toronto emotional speech set data\OAF_Pleasant_surprise\OAF_came_ps.wav,came,ps
data/raw/TESS Toronto emotional speech set data\OAF_Pleasant_surprise\OAF_cause_ps.wav,cause,ps
data/raw/TESS Toronto emotional speech set data\OAF_Pleasant_surprise\OAF_chain_ps.wav,chain,ps
data/raw/TESS Toronto emotional speech set data\OAF_Pleasant_surprise\OAF_chair_ps.wav,chair,ps
data/raw/TESS Toronto emotional speech set data\OAF_Pleasant_surprise\OAF_chalk_ps.wav,chalk,ps
data/raw/TESS Toronto emotional speech set data\OAF_Pleasant_surprise\OAF_chat_ps.wav,chat,ps
data/raw/TESS Toronto emotional speech set data\OAF_Pleasant_surprise\OAF_check_ps.wav,check,ps
data/raw/TESS Toronto emotional speech set data\OAF_Pleasant_surprise\OAF_cheek_ps.wav,cheek,ps
data/raw/TESS Toronto emotional speech set data\OAF_Pleasant_surprise\OAF_chief_ps.wav,chief,ps
data/raw/TESS Toronto emotional speech set data\OAF_Pleasant_surprise\OAF_choice_ps.wav,choice,ps
data/raw/TESS Toronto emotional speech set data\OAF_Pleasant_surprise\OAF_cool_ps.wav,cool,ps
data/raw/TESS Toronto emotional speech set data\OAF_Pleasant_surprise\OAF_dab_ps.wav,dab,ps
data/raw/TESS Toronto emotional speech set data\OAF_Pleasant_surprise\OAF_date_ps.wav,date,ps
data/raw/TESS Toronto emotional speech set data\OAF_Pleasant_surprise\OAF_dead_ps.wav,dead,ps
data/raw/TESS Toronto emotional speech set data\OAF_Pleasant_surprise\OAF_death_ps.wav,death,ps
data/raw/TESS Toronto emotional speech set data\OAF_Pleasant_surprise\OAF_deep_ps.wav,deep,ps
data/raw/TESS Toronto emotional speech set data\OAF_Pleasant_surprise\OAF_dime_ps.wav,dime,ps
data/raw/TESS Toronto emotional speech set data\OAF_Pleasant_surprise\OAF_dip_ps.wav,dip,ps
data/raw/TESS Toronto emotional speech set data\OAF_Pleasant_surprise\OAF_ditch_ps.wav,ditch,ps
data/raw/TESS Toronto emotional speech set data\OAF_Pleasant_surprise\OAF_dodge_ps.wav,dodge,ps
data/raw/TESS Toronto emotional speech set data\OAF_Pleasant_surprise\OAF_dog_ps.wav,dog,ps
data/raw/TESS Toronto emotional speech set data\OAF_Pleasant_surprise\OAF_doll_ps.wav,doll,ps
data/raw/TESS Toronto emotional speech set data\OAF_Pleasant_surprise\OAF_door_ps.wav,door,ps
data/raw/TESS Toronto emotional speech set data\OAF_Pleasant_surprise\OAF_fail_ps.wav,fail,ps
data/raw/TESS Toronto emotional speech set data\OAF_Pleasant_surprise\OAF_fall_ps.wav,fall,ps
data/raw/TESS Toronto emotional speech set data\OAF_Pleasant_surprise\OAF_far_ps.wav,far,ps
data/raw/TESS Toronto emotional speech set data\OAF_Pleasant_surprise\OAF_fat_ps.wav,fat,ps
data/raw/TESS Toronto emotional speech set data\OAF_Pleasant_surprise\OAF_fit_ps.wav,fit,ps
data/raw/TESS Toronto emotional speech set data\OAF_Pleasant_surprise\OAF_five_ps.wav,five,ps
data/raw/TESS Toronto emotional speech set data\OAF_Pleasant_surprise\OAF_food_ps.wav,food,ps
data/raw/TESS Toronto emotional speech set data\OAF_Pleasant_surprise\OAF_gap_ps.wav,gap,ps
data/raw/TESS Toronto emotional speech set data\OAF_Pleasant_surprise\OAF_gas_ps.wav,gas,ps
data/raw/TESS Toronto emotional speech set data\OAF_Pleasant_surprise\OAF_gaze_ps.wav,gaze,ps
data/raw/TESS Toronto emotional speech set data\OAF_Pleasant_surprise\OAF_germ_ps.wav,germ,ps
data/raw/TESS Toronto emotional speech set data\OAF_Pleasant_surprise\OAF_get_ps.wav,get,ps
data/raw/TESS Toronto emotional speech set data\OAF_Pleasant_surprise\OAF_gin_ps.wav,gin,ps
data/raw/TESS Toronto emotional speech set data\OAF_Pleasant_surprise\OAF_goal_ps.wav,goal,ps
data/raw/TESS Toronto emotional speech set data\OAF_Pleasant_surprise\OAF_good_ps.wav,good,ps
data/raw/TESS Toronto emotional speech set data\OAF_Pleasant_surprise\OAF_goose_ps.wav,goose,ps
data/raw/TESS Toronto emotional speech set data\OAF_Pleasant_surprise\OAF_gun_ps.wav,gun,ps
data/raw/TESS Toronto emotional speech set data\OAF_Pleasant_surprise\OAF_half_ps.wav,half,ps
data/raw/TESS Toronto emotional speech set data\OAF_Pleasant_surprise\OAF_hall_ps.wav,hall,ps
data/raw/TESS Toronto emotional speech set data\OAF_Pleasant_surprise\OAF_hash_ps.wav,hash,ps
data/raw/TESS Toronto emotional speech set data\OAF_Pleasant_surprise\OAF_hate_ps.wav,hate,ps
data/raw/TESS Toronto emotional speech set data\OAF_Pleasant_surprise\OAF_have_ps.wav,have,ps
data/raw/TESS Toronto emotional speech set data\OAF_Pleasant_surprise\OAF_haze_ps.wav,haze,ps
data/raw/TESS Toronto emotional speech set data\OAF_Pleasant_surprise\OAF_hire_ps.wav,hire,ps
data/raw/TESS Toronto emotional speech set data\OAF_Pleasant_surprise\OAF_hit_ps.wav,hit,ps
data/raw/TESS Toronto emotional speech set data\OAF_Pleasant_surprise\OAF_hole_ps.wav,hole,ps
data/raw/TESS Toronto emotional speech set data\OAF_Pleasant_surprise\OAF_home_ps.wav,home,ps
data/raw/TESS Toronto emotional speech set data\OAF_Pleasant_surprise\OAF_hurl_ps.wav,hurl,ps
data/raw/TESS Toronto emotional speech set data\OAF_Pleasant_surprise\OAF_hush_ps.wav,hush,ps
data/raw/TESS Toronto emotional speech set data\OAF_Pleasant_surprise\OAF_jail_ps.wav,jail,ps
data/raw/TESS Toronto emotional speech set data\OAF_Pleasant_surprise\OAF_jar_ps.wav,jar,ps
data/raw/TESS Toronto emotional speech set data\OAF_Pleasant_surprise\OAF_join_ps.wav,join,ps
data/raw/TESS Toronto emotional speech set data\OAF_Pleasant_surprise\OAF_judge_ps.wav,judge,ps
data/raw/TESS Toronto emotional speech set data\OAF_Pleasant_surprise\OAF_jug_ps.wav,jug,ps
data/raw/TESS Toronto emotional speech set data\OAF_Pleasant_surprise\OAF_juice_ps.wav,juice,ps
data/raw/TESS Toronto emotional speech set data\OAF_Pleasant_surprise\OAF_keen_ps.wav,keen,ps
data/raw/TESS Toronto emotional speech set data\OAF_Pleasant_surprise\OAF_keep_ps.wav,keep,ps
data/raw/TESS Toronto emotional speech set data\OAF_Pleasant_surprise\OAF_keg_ps.wav,keg,ps
data/raw/TESS Toronto emotional speech set data\OAF_Pleasant_surprise\OAF_kick_ps.wav,kick,ps
data/raw/TESS Toronto emotional speech set data\OAF_Pleasant_surprise\OAF_kill_ps.wav,kill,ps
data/raw/TESS Toronto emotional speech set data\OAF_Pleasant_surprise\OAF_king_ps.wav,king,ps
data/raw/TESS Toronto emotional speech set data\OAF_Pleasant_surprise\OAF_kite_ps.wav,kite,ps
data/raw/TESS Toronto emotional speech set data\OAF_Pleasant_surprise\OAF_knock_ps.wav,knock,ps
data/raw/TESS Toronto emotional speech set data\OAF_Pleasant_surprise\OAF_late_ps.wav,late,ps
data/raw/TESS Toronto emotional speech set data\OAF_Pleasant_surprise\OAF_laud_ps.wav,laud,ps
data/raw/TESS Toronto emotional speech set data\OAF_Pleasant_surprise\OAF_lean_ps.wav,lean,ps
data/raw/TESS Toronto emotional speech set data\OAF_Pleasant_surprise\OAF_learn_ps.wav,learn,ps
data/raw/TESS Toronto emotional speech set data\OAF_Pleasant_surprise\OAF_lease_ps.wav,lease,ps
data/raw/TESS Toronto emotional speech set data\OAF_Pleasant_surprise\OAF_lid_ps.wav,lid,ps
data/raw/TESS Toronto emotional speech set data\OAF_Pleasant_surprise\OAF_life_ps.wav,life,ps
data/raw/TESS Toronto emotional speech set data\OAF_Pleasant_surprise\OAF_limb_ps.wav,limb,ps
data/raw/TESS Toronto emotional speech set data\OAF_Pleasant_surprise\OAF_live_ps.wav,live,ps
data/raw/TESS Toronto emotional speech set data\OAF_Pleasant_surprise\OAF_loaf_ps.wav,loaf,ps
data/raw/TESS Toronto emotional speech set data\OAF_Pleasant_surprise\OAF_long_ps.wav,long,ps
data/raw/TESS Toronto emotional speech set data\OAF_Pleasant_surprise\OAF_lore_ps.wav,lore,ps
data/raw/TESS Toronto emotional speech set data\OAF_Pleasant_surprise\OAF_lose_ps.wav,lose,ps
data/raw/TESS Toronto emotional speech set data\OAF_Pleasant_surprise\OAF_lot_ps.wav,lot,ps
data/raw/TESS Toronto emotional speech set data\OAF_Pleasant_surprise\OAF_love_ps.wav,love,ps
data/raw/TESS Toronto emotional speech set data\OAF_Pleasant_surprise\OAF_luck_ps.wav,luck,ps
data/raw/TESS Toronto emotional speech set data\OAF_Pleasant_surprise\OAF_make_ps.wav,make,ps
data/raw/TESS Toronto emotional speech set data\OAF_Pleasant_surprise\OAF_match_ps.wav,match,ps
data/raw/TESS Toronto emotional speech set data\OAF_Pleasant_surprise\OAF_merge_ps.wav,merge,ps
data/raw/TESS Toronto emotional speech set data\OAF_Pleasant_surprise\OAF_mess_ps.wav,mess,ps
data/raw/TESS Toronto emotional speech set data\OAF_Pleasant_surprise\OAF_met_ps.wav,met,ps
data/raw/TESS Toronto emotional speech set data\OAF_Pleasant_surprise\OAF_mill_ps.wav,mill,ps
data/raw/TESS Toronto emotional speech set data\OAF_Pleasant_surprise\OAF_mob_ps.wav,mob,ps
data/raw/TESS Toronto emotional speech set data\OAF_Pleasant_surprise\OAF_mode_ps.wav,mode,ps
data/raw/TESS Toronto emotional speech set data\OAF_Pleasant_surprise\OAF_mood_ps.wav,mood,ps
data/raw/TESS Toronto emotional speech set data\OAF_Pleasant_surprise\OAF_moon_ps.wav,moon,ps
data/raw/TESS Toronto emotional speech set data\OAF_Pleasant_surprise\OAF_mop_ps.wav,mop,ps
data/raw/TESS Toronto emotional speech set data\OAF_Pleasant_surprise\OAF_mouse_ps.wav,mouse,ps
data/raw/TESS Toronto emotional speech set data\OAF_Pleasant_surprise\OAF_nag_ps.wav,nag,ps
data/raw/TESS Toronto emotional speech set data\OAF_Pleasant_surprise\OAF_name_ps.wav,name,ps
data/raw/TESS Toronto emotional speech set data\OAF_Pleasant_surprise\OAF_near_ps.wav,near,ps
data/raw/TESS Toronto emotional speech set data\OAF_Pleasant_surprise\OAF_neat_ps.wav,neat,ps
data/raw/TESS Toronto emotional speech set data\OAF_Pleasant_surprise\OAF_nice_ps.wav,nice,ps
data/raw/TESS Toronto emotional speech set data\OAF_Pleasant_surprise\OAF_note_ps.wav,note,ps
data/raw/TESS Toronto emotional speech set data\OAF_Pleasant_surprise\OAF_numb_ps.wav,numb,ps
data/raw/TESS Toronto emotional speech set data\OAF_Pleasant_surprise\OAF_pad_ps.wav,pad,ps
data/raw/TESS Toronto emotional speech set data\OAF_Pleasant_surprise\OAF_page_ps.wav,page,ps
data/raw/TESS Toronto emotional speech set data\OAF_Pleasant_surprise\OAF_pain_ps.wav,pain,ps
data/raw/TESS Toronto emotional speech set data\OAF_Pleasant_surprise\OAF_pass_ps.wav,pass,ps
data/raw/TESS Toronto emotional speech set data\OAF_Pleasant_surprise\OAF_pearl_ps.wav,pearl,ps
data/raw/TESS Toronto emotional speech set data\OAF_Pleasant_surprise\OAF_peg_ps.wav,peg,ps
data/raw/TESS Toronto emotional speech set data\OAF_Pleasant_surprise\OAF_perch_ps.wav,perch,ps
data/raw/TESS Toronto emotional speech set data\OAF_Pleasant_surprise\OAF_phone_ps.wav,phone,ps
data/raw/TESS Toronto emotional speech set data\OAF_Pleasant_surprise\OAF_pick_ps.wav,pick,ps
data/raw/TESS Toronto emotional speech set data\OAF_Pleasant_surprise\OAF_pike_ps.wav,pike,ps
data/raw/TESS Toronto emotional speech set data\OAF_Pleasant_surprise\OAF_pole_ps.wav,pole,ps
data/raw/TESS Toronto emotional speech set data\OAF_Pleasant_surprise\OAF_pool_ps.wav,pool,ps
data/raw/TESS Toronto emotional speech set data\OAF_Pleasant_surprise\OAF_puff_ps.wav,puff,ps
data/raw/TESS Toronto emotional speech set data\OAF_Pleasant_surprise\OAF_rag_ps.wav,rag,ps
data/raw/TESS Toronto emotional speech set data\OAF_Pleasant_surprise\OAF_raid_ps.wav,raid,ps
data/raw/TESS Toronto emotional speech set data\OAF_Pleasant_surprise\OAF_rain_ps.wav,rain,ps
data/raw/TESS Toronto emotional speech set data\OAF_Pleasant_surprise\OAF_raise_ps.wav,raise,ps
data/raw/TESS Toronto emotional speech set data\OAF_Pleasant_surprise\OAF_rat_ps.wav,rat,ps
data/raw/TESS Toronto emotional speech set data\OAF_Pleasant_surprise\OAF_reach_ps.wav,reach,ps
data/raw/TESS Toronto emotional speech set data\OAF_Pleasant_surprise\OAF_read_ps.wav,read,ps
data/raw/TESS Toronto emotional speech set data\OAF_Pleasant_surprise\OAF_red_ps.wav,red,ps
data/raw/TESS Toronto emotional speech set data\OAF_Pleasant_surprise\OAF_ring_ps.wav,ring,ps
data/raw/TESS Toronto emotional speech set data\OAF_Pleasant_surprise\OAF_ripe_ps.wav,ripe,ps
data/raw/TESS Toronto emotional speech set data\OAF_Pleasant_surprise\OAF_road_ps.wav,road,ps
data/raw/TESS Toronto emotional speech set data\OAF_Pleasant_surprise\OAF_room_ps.wav,room,ps
data/raw/TESS Toronto emotional speech set data\OAF_Pleasant_surprise\OAF_rose_ps.wav,rose,ps
data/raw/TESS Toronto emotional speech set data\OAF_Pleasant_surprise\OAF_rot_ps.wav,rot,ps
data/raw/TESS Toronto emotional speech set data\OAF_Pleasant_surprise\OAF_rough_ps.wav,rough,ps
data/raw/TESS Toronto emotional speech set data\OAF_Pleasant_surprise\OAF_rush_ps.wav,rush,ps
data/raw/TESS Toronto emotional speech set data\OAF_Pleasant_surprise\OAF_said_ps.wav,said,ps
data/raw/TESS Toronto emotional speech set data\OAF_Pleasant_surprise\OAF_sail_ps.wav,sail,ps
data/raw/TESS Toronto emotional speech set data\OAF_Pleasant_surprise\OAF_search_ps.wav,search,ps
data/raw/TESS Toronto emotional speech set data\OAF_Pleasant_surprise\OAF_seize_ps.wav,seize,ps
data/raw/TESS Toronto emotional speech set data\OAF_Pleasant_surprise\OAF_sell_ps.wav,sell,ps
data/raw/TESS Toronto emotional speech set data\OAF_Pleasant_surprise\OAF_shack_ps.wav,shack,ps
data/raw/TESS Toronto emotional speech set data\OAF_Pleasant_surprise\OAF_shall_ps.wav,shall,ps
data/raw/TESS Toronto emotional speech set data\OAF_Pleasant_surprise\OAF_shawl_ps.wav,shawl,ps
data/raw/TESS Toronto emotional speech set data\OAF_Pleasant_surprise\OAF_sheep_ps.wav,sheep,ps
data/raw/TESS Toronto emotional speech set data\OAF_Pleasant_surprise\OAF_shirt_ps.wav,shirt,ps
data/raw/TESS Toronto emotional speech set data\OAF_Pleasant_surprise\OAF_should_ps.wav,should,ps
data/raw/TESS Toronto emotional speech set data\OAF_Pleasant_surprise\OAF_shout_ps.wav,shout,ps
data/raw/TESS Toronto emotional speech set data\OAF_Pleasant_surprise\OAF_size_ps.wav,size,ps
data/raw/TESS Toronto emotional speech set data\OAF_Pleasant_surprise\OAF_soap_ps.wav,soap,ps
data/raw/TESS Toronto emotional speech set data\OAF_Pleasant_surprise\OAF_soup_ps.wav,soup,ps
data/raw/TESS Toronto emotional speech set data\OAF_Pleasant_surprise\OAF_sour_ps.wav,sour,ps
data/raw/TESS Toronto emotional speech set data\OAF_Pleasant_surprise\OAF_south_ps.wav,south,ps
data/raw/TESS Toronto emotional speech set data\OAF_Pleasant_surprise\OAF_sub_ps.wav,sub,ps
data/raw/TESS Toronto emotional speech set data\OAF_Pleasant_surprise\OAF_such_ps.wav,such,ps
data/raw/TESS Toronto emotional speech set data\OAF_Pleasant_surprise\OAF_sure_ps.wav,sure,ps
data/raw/TESS Toronto emotional speech set data\OAF_Pleasant_surprise\OAF_take_ps.wav,take,ps
data/raw/TESS Toronto emotional speech set data\OAF_Pleasant_surprise\OAF_talk_ps.wav,talk,ps
data/raw/TESS Toronto emotional speech set data\OAF_Pleasant_surprise\OAF_tape_ps.wav,tape,ps
data/raw/TESS Toronto emotional speech set data\OAF_Pleasant_surprise\OAF_team_ps.wav,team,ps
data/raw/TESS Toronto emotional speech set data\OAF_Pleasant_surprise\OAF_tell_ps.wav,tell,ps
data/raw/TESS Toronto emotional speech set data\OAF_Pleasant_surprise\OAF_thin_ps.wav,thin,ps
data/raw/TESS Toronto emotional speech set data\OAF_Pleasant_surprise\OAF_third_ps.wav,third,ps
data/raw/TESS Toronto emotional speech set data\OAF_Pleasant_surprise\OAF_thought_ps.wav,thought,ps
data/raw/TESS Toronto emotional speech set data\OAF_Pleasant_surprise\OAF_thumb_ps.wav,thumb,ps
data/raw/TESS Toronto emotional speech set data\OAF_Pleasant_surprise\OAF_time_ps.wav,time,ps
data/raw/TESS Toronto emotional speech set data\OAF_Pleasant_surprise\OAF_tip_ps.wav,tip,ps
data/raw/TESS Toronto emotional speech set data\OAF_Pleasant_surprise\OAF_tire_ps.wav,tire,ps
data/raw/TESS Toronto emotional speech set data\OAF_Pleasant_surprise\OAF_ton_ps.wav,ton,ps
data/raw/TESS Toronto emotional speech set data\OAF_Pleasant_surprise\OAF_tool_ps.wav,tool,ps
data/raw/TESS Toronto emotional speech set data\OAF_Pleasant_surprise\OAF_tough_ps.wav,tough,ps
data/raw/TESS Toronto emotional speech set data\OAF_Pleasant_surprise\OAF_turn_ps.wav,turn,ps
data/raw/TESS Toronto emotional speech set data\OAF_Pleasant_surprise\OAF_vine_ps.wav,vine,ps
data/raw/TESS Toronto emotional speech set data\OAF_Pleasant_surprise\OAF_voice_ps.wav,voice,ps
data/raw/TESS Toronto emotional speech set data\OAF_Pleasant_surprise\OAF_void_ps.wav,void,ps
data/raw/TESS Toronto emotional speech set data\OAF_Pleasant_surprise\OAF_vote_ps.wav,vote,ps
data/raw/TESS Toronto emotional speech set data\OAF_Pleasant_surprise\OAF_wag_ps.wav,wag,ps
data/raw/TESS Toronto emotional speech set data\OAF_Pleasant_surprise\OAF_walk_ps.wav,walk,ps
data/raw/TESS Toronto emotional speech set data\OAF_Pleasant_surprise\OAF_wash_ps.wav,wash,ps
data/raw/TESS Toronto emotional speech set data\OAF_Pleasant_surprise\OAF_week_ps.wav,week,ps
data/raw/TESS Toronto emotional speech set data\OAF_Pleasant_surprise\OAF_wheat_ps.wav,wheat,ps
data/raw/TESS Toronto emotional speech set data\OAF_Pleasant_surprise\OAF_when_ps.wav,when,ps
data/raw/TESS Toronto emotional speech set data\OAF_Pleasant_surprise\OAF_which_ps.wav,which,ps
data/raw/TESS Toronto emotional speech set data\OAF_Pleasant_surprise\OAF_whip_ps.wav,whip,ps
data/raw/TESS Toronto emotional speech set data\OAF_Pleasant_surprise\OAF_white_ps.wav,white,ps
data/raw/TESS Toronto emotional speech set data\OAF_Pleasant_surprise\OAF_wife_ps.wav,wife,ps
data/raw/TESS Toronto emotional speech set data\OAF_Pleasant_surprise\OAF_wire_ps.wav,wire,ps
data/raw/TESS Toronto emotional speech set data\OAF_Pleasant_surprise\OAF_witch_ps.wav,witch,ps
data/raw/TESS Toronto emotional speech set data\OAF_Pleasant_surprise\OAF_yearn_ps.wav,yearn,ps
data/raw/TESS Toronto emotional speech set data\OAF_Pleasant_surprise\OAF_yes_ps.wav,yes,ps
data/raw/TESS Toronto emotional speech set data\OAF_Pleasant_surprise\OAF_young_ps.wav,young,ps
data/raw/TESS Toronto emotional speech set data\OAF_Pleasant_surprise\OAF_youth_ps.wav,youth,ps
data/raw/TESS Toronto emotional speech set data\OAF_Sad\OAF_back_sad.wav,back,sad
data/raw/TESS Toronto emotional speech set data\OAF_Sad\OAF_bar_sad.wav,bar,sad
data/raw/TESS Toronto emotional speech set data\OAF_Sad\OAF_base_sad.wav,base,sad
data/raw/TESS Toronto emotional speech set data\OAF_Sad\OAF_bath_sad.wav,bath,sad
data/raw/TESS Toronto emotional speech set data\OAF_Sad\OAF_bean_sad.wav,bean,sad
data/raw/TESS Toronto emotional speech set data\OAF_Sad\OAF_beg_sad.wav,beg,sad
data/raw/TESS Toronto emotional speech set data\OAF_Sad\OAF_bite_sad.wav,bite,sad
data/raw/TESS Toronto emotional speech set data\OAF_Sad\OAF_boat_sad.wav,boat,sad
data/raw/TESS Toronto emotional speech set data\OAF_Sad\OAF_bone_sad.wav,bone,sad
data/raw/TESS Toronto emotional speech set data\OAF_Sad\OAF_book_sad.wav,book,sad
data/raw/TESS Toronto emotional speech set data\OAF_Sad\OAF_bought_sad.wav,bought,sad
data/raw/TESS Toronto emotional speech set data\OAF_Sad\OAF_burn_sad.wav,burn,sad
data/raw/TESS Toronto emotional speech set data\OAF_Sad\OAF_cab_sad.wav,cab,sad
data/raw/TESS Toronto emotional speech set data\OAF_Sad\OAF_calm_sad.wav,calm,sad
data/raw/TESS Toronto emotional speech set data\OAF_Sad\OAF_came_sad.wav,came,sad
data/raw/TESS Toronto emotional speech set data\OAF_Sad\OAF_cause_sad.wav,cause,sad
data/raw/TESS Toronto emotional speech set data\OAF_Sad\OAF_chain_sad.wav,chain,sad
data/raw/TESS Toronto emotional speech set data\OAF_Sad\OAF_chair_sad.wav,chair,sad
data/raw/TESS Toronto emotional speech set data\OAF_Sad\OAF_chalk_sad.wav,chalk,sad
data/raw/TESS Toronto emotional speech set data\OAF_Sad\OAF_chat_sad.wav,chat,sad
data/raw/TESS Toronto emotional speech set data\OAF_Sad\OAF_check_sad.wav,check,sad
data/raw/TESS Toronto emotional speech set data\OAF_Sad\OAF_cheek_sad.wav,cheek,sad
data/raw/TESS Toronto emotional speech set data\OAF_Sad\OAF_chief_sad.wav,chief,sad
data/raw/TESS Toronto emotional speech set data\OAF_Sad\OAF_choice_sad.wav,choice,sad
data/raw/TESS Toronto emotional speech set data\OAF_Sad\OAF_cool_sad.wav,cool,sad
data/raw/TESS Toronto emotional speech set data\OAF_Sad\OAF_dab_sad.wav,dab,sad
data/raw/TESS Toronto emotional speech set data\OAF_Sad\OAF_date_sad.wav,date,sad
data/raw/TESS Toronto emotional speech set data\OAF_Sad\OAF_dead_sad.wav,dead,sad
data/raw/TESS Toronto emotional speech set data\OAF_Sad\OAF_death_sad.wav,death,sad
data/raw/TESS Toronto emotional speech set data\OAF_Sad\OAF_deep_sad.wav,deep,sad
data/raw/TESS Toronto emotional speech set data\OAF_Sad\OAF_dime_sad.wav,dime,sad
data/raw/TESS Toronto emotional speech set data\OAF_Sad\OAF_dip_sad.wav,dip,sad
data/raw/TESS Toronto emotional speech set data\OAF_Sad\OAF_ditch_sad.wav,ditch,sad
data/raw/TESS Toronto emotional speech set data\OAF_Sad\OAF_dodge_sad.wav,dodge,sad
data/raw/TESS Toronto emotional speech set data\OAF_Sad\OAF_dog_sad.wav,dog,sad
data/raw/TESS Toronto emotional speech set data\OAF_Sad\OAF_doll_sad.wav,doll,sad
data/raw/TESS Toronto emotional speech set data\OAF_Sad\OAF_door_sad.wav,door,sad
data/raw/TESS Toronto emotional speech set data\OAF_Sad\OAF_fail_sad.wav,fail,sad
data/raw/TESS Toronto emotional speech set data\OAF_Sad\OAF_fall_sad.wav,fall,sad
data/raw/TESS Toronto emotional speech set data\OAF_Sad\OAF_far_sad.wav,far,sad
data/raw/TESS Toronto emotional speech set data\OAF_Sad\OAF_fat_sad.wav,fat,sad
data/raw/TESS Toronto emotional speech set data\OAF_Sad\OAF_fit_sad.wav,fit,sad
data/raw/TESS Toronto emotional speech set data\OAF_Sad\OAF_five_sad.wav,five,sad
data/raw/TESS Toronto emotional speech set data\OAF_Sad\OAF_food_sad.wav,food,sad
data/raw/TESS Toronto emotional speech set data\OAF_Sad\OAF_gap_sad.wav,gap,sad
data/raw/TESS Toronto emotional speech set data\OAF_Sad\OAF_gas_sad.wav,gas,sad
data/raw/TESS Toronto emotional speech set data\OAF_Sad\OAF_gaze_sad.wav,gaze,sad
data/raw/TESS Toronto emotional speech set data\OAF_Sad\OAF_germ_sad.wav,germ,sad
data/raw/TESS Toronto emotional speech set data\OAF_Sad\OAF_get_sad.wav,get,sad
data/raw/TESS Toronto emotional speech set data\OAF_Sad\OAF_gin_sad.wav,gin,sad
data/raw/TESS Toronto emotional speech set data\OAF_Sad\OAF_goal_sad.wav,goal,sad
data/raw/TESS Toronto emotional speech set data\OAF_Sad\OAF_good_sad.wav,good,sad
data/raw/TESS Toronto emotional speech set data\OAF_Sad\OAF_goose_sad.wav,goose,sad
data/raw/TESS Toronto emotional speech set data\OAF_Sad\OAF_gun_sad.wav,gun,sad
data/raw/TESS Toronto emotional speech set data\OAF_Sad\OAF_half_sad.wav,half,sad
data/raw/TESS Toronto emotional speech set data\OAF_Sad\OAF_hall_sad.wav,hall,sad
data/raw/TESS Toronto emotional speech set data\OAF_Sad\OAF_hash_sad.wav,hash,sad
data/raw/TESS Toronto emotional speech set data\OAF_Sad\OAF_hate_sad.wav,hate,sad
data/raw/TESS Toronto emotional speech set data\OAF_Sad\OAF_have_sad.wav,have,sad
data/raw/TESS Toronto emotional speech set data\OAF_Sad\OAF_haze_sad.wav,haze,sad
data/raw/TESS Toronto emotional speech set data\OAF_Sad\OAF_hire_sad.wav,hire,sad
data/raw/TESS Toronto emotional speech set data\OAF_Sad\OAF_hit_sad.wav,hit,sad
data/raw/TESS Toronto emotional speech set data\OAF_Sad\OAF_hole_sad.wav,hole,sad
data/raw/TESS Toronto emotional speech set data\OAF_Sad\OAF_home_sad.wav,home,sad
data/raw/TESS Toronto emotional speech set data\OAF_Sad\OAF_hurl_sad.wav,hurl,sad
data/raw/TESS Toronto emotional speech set data\OAF_Sad\OAF_hush_sad.wav,hush,sad
data/raw/TESS Toronto emotional speech set data\OAF_Sad\OAF_jail_sad.wav,jail,sad
data/raw/TESS Toronto emotional speech set data\OAF_Sad\OAF_jar_sad.wav,jar,sad
data/raw/TESS Toronto emotional speech set data\OAF_Sad\OAF_join_sad.wav,join,sad
data/raw/TESS Toronto emotional speech set data\OAF_Sad\OAF_judge_sad.wav,judge,sad
data/raw/TESS Toronto emotional speech set data\OAF_Sad\OAF_jug_sad.wav,jug,sad
data/raw/TESS Toronto emotional speech set data\OAF_Sad\OAF_juice_sad.wav,juice,sad
data/raw/TESS Toronto emotional speech set data\OAF_Sad\OAF_keen_sad.wav,keen,sad
data/raw/TESS Toronto emotional speech set data\OAF_Sad\OAF_keep_sad.wav,keep,sad
data/raw/TESS Toronto emotional speech set data\OAF_Sad\OAF_keg_sad.wav,keg,sad
data/raw/TESS Toronto emotional speech set data\OAF_Sad\OAF_kick_sad.wav,kick,sad
data/raw/TESS Toronto emotional speech set data\OAF_Sad\OAF_kill_sad.wav,kill,sad
data/raw/TESS Toronto emotional speech set data\OAF_Sad\OAF_king_sad.wav,king,sad
data/raw/TESS Toronto emotional speech set data\OAF_Sad\OAF_kite_sad.wav,kite,sad
data/raw/TESS Toronto emotional speech set data\OAF_Sad\OAF_knock_sad.wav,knock,sad
data/raw/TESS Toronto emotional speech set data\OAF_Sad\OAF_late_sad.wav,late,sad
data/raw/TESS Toronto emotional speech set data\OAF_Sad\OAF_laud_sad.wav,laud,sad
data/raw/TESS Toronto emotional speech set data\OAF_Sad\OAF_lean_sad.wav,lean,sad
data/raw/TESS Toronto emotional speech set data\OAF_Sad\OAF_learn_sad.wav,learn,sad
data/raw/TESS Toronto emotional speech set data\OAF_Sad\OAF_lease_sad.wav,lease,sad
data/raw/TESS Toronto emotional speech set data\OAF_Sad\OAF_lid_sad.wav,lid,sad
data/raw/TESS Toronto emotional speech set data\OAF_Sad\OAF_life_sad.wav,life,sad
data/raw/TESS Toronto emotional speech set data\OAF_Sad\OAF_limb_sad.wav,limb,sad
data/raw/TESS Toronto emotional speech set data\OAF_Sad\OAF_live_sad.wav,live,sad
data/raw/TESS Toronto emotional speech set data\OAF_Sad\OAF_loaf_sad.wav,loaf,sad
data/raw/TESS Toronto emotional speech set data\OAF_Sad\OAF_long_sad.wav,long,sad
data/raw/TESS Toronto emotional speech set data\OAF_Sad\OAF_lore_sad.wav,lore,sad
data/raw/TESS Toronto emotional speech set data\OAF_Sad\OAF_lose_sad.wav,lose,sad
data/raw/TESS Toronto emotional speech set data\OAF_Sad\OAF_lot_sad.wav,lot,sad
data/raw/TESS Toronto emotional speech set data\OAF_Sad\OAF_love_sad.wav,love,sad
data/raw/TESS Toronto emotional speech set data\OAF_Sad\OAF_luck_sad.wav,luck,sad
data/raw/TESS Toronto emotional speech set data\OAF_Sad\OAF_make_sad.wav,make,sad
data/raw/TESS Toronto emotional speech set data\OAF_Sad\OAF_match_sad.wav,match,sad
data/raw/TESS Toronto emotional speech set data\OAF_Sad\OAF_merge_sad.wav,merge,sad
data/raw/TESS Toronto emotional speech set data\OAF_Sad\OAF_mess_sad.wav,mess,sad
data/raw/TESS Toronto emotional speech set data\OAF_Sad\OAF_met_sad.wav,met,sad
data/raw/TESS Toronto emotional speech set data\OAF_Sad\OAF_mill_sad.wav,mill,sad
data/raw/TESS Toronto emotional speech set data\OAF_Sad\OAF_mob_sad.wav,mob,sad
data/raw/TESS Toronto emotional speech set data\OAF_Sad\OAF_mode_sad.wav,mode,sad
data/raw/TESS Toronto emotional speech set data\OAF_Sad\OAF_mood_sad.wav,mood,sad
data/raw/TESS Toronto emotional speech set data\OAF_Sad\OAF_moon_sad.wav,moon,sad
data/raw/TESS Toronto emotional speech set data\OAF_Sad\OAF_mop_sad.wav,mop,sad
data/raw/TESS Toronto emotional speech set data\OAF_Sad\OAF_mouse_sad.wav,mouse,sad
data/raw/TESS Toronto emotional speech set data\OAF_Sad\OAF_nag_sad.wav,nag,sad
data/raw/TESS Toronto emotional speech set data\OAF_Sad\OAF_name_sad.wav,name,sad
data/raw/TESS Toronto emotional speech set data\OAF_Sad\OAF_near_sad.wav,near,sad
data/raw/TESS Toronto emotional speech set data\OAF_Sad\OAF_neat_sad.wav,neat,sad
data/raw/TESS Toronto emotional speech set data\OAF_Sad\OAF_nice_sad.wav,nice,sad
data/raw/TESS Toronto emotional speech set data\OAF_Sad\OAF_note_sad.wav,note,sad
data/raw/TESS Toronto emotional speech set data\OAF_Sad\OAF_numb_sad.wav,numb,sad
data/raw/TESS Toronto emotional speech set data\OAF_Sad\OAF_pad_sad.wav,pad,sad
data/raw/TESS Toronto emotional speech set data\OAF_Sad\OAF_page_sad.wav,page,sad
data/raw/TESS Toronto emotional speech set data\OAF_Sad\OAF_pain_sad.wav,pain,sad
data/raw/TESS Toronto emotional speech set data\OAF_Sad\OAF_pass_sad.wav,pass,sad
data/raw/TESS Toronto emotional speech set data\OAF_Sad\OAF_pearl_sad.wav,pearl,sad
data/raw/TESS Toronto emotional speech set data\OAF_Sad\OAF_peg_sad.wav,peg,sad
data/raw/TESS Toronto emotional speech set data\OAF_Sad\OAF_perch_sad.wav,perch,sad
data/raw/TESS Toronto emotional speech set data\OAF_Sad\OAF_phone_sad.wav,phone,sad
data/raw/TESS Toronto emotional speech set data\OAF_Sad\OAF_pick_sad.wav,pick,sad
data/raw/TESS Toronto emotional speech set data\OAF_Sad\OAF_pike_sad.wav,pike,sad
data/raw/TESS Toronto emotional speech set data\OAF_Sad\OAF_pole_sad.wav,pole,sad
data/raw/TESS Toronto emotional speech set data\OAF_Sad\OAF_pool_sad.wav,pool,sad
data/raw/TESS Toronto emotional speech set data\OAF_Sad\OAF_puff_sad.wav,puff,sad
data/raw/TESS Toronto emotional speech set data\OAF_Sad\OAF_rag_sad.wav,rag,sad
data/raw/TESS Toronto emotional speech set data\OAF_Sad\OAF_raid_sad.wav,raid,sad
data/raw/TESS Toronto emotional speech set data\OAF_Sad\OAF_rain_sad.wav,rain,sad
data/raw/TESS Toronto emotional speech set data\OAF_Sad\OAF_raise_sad.wav,raise,sad
data/raw/TESS Toronto emotional speech set data\OAF_Sad\OAF_rat_sad.wav,rat,sad
data/raw/TESS Toronto emotional speech set data\OAF_Sad\OAF_reach_sad.wav,reach,sad
data/raw/TESS Toronto emotional speech set data\OAF_Sad\OAF_read_sad.wav,read,sad
data/raw/TESS Toronto emotional speech set data\OAF_Sad\OAF_red_sad.wav,red,sad
data/raw/TESS Toronto emotional speech set data\OAF_Sad\OAF_ring_sad.wav,ring,sad
data/raw/TESS Toronto emotional speech set data\OAF_Sad\OAF_ripe_sad.wav,ripe,sad
data/raw/TESS Toronto emotional speech set data\OAF_Sad\OAF_road_sad.wav,road,sad
data/raw/TESS Toronto emotional speech set data\OAF_Sad\OAF_room_sad.wav,room,sad
data/raw/TESS Toronto emotional speech set data\OAF_Sad\OAF_rose_sad.wav,rose,sad
data/raw/TESS Toronto emotional speech set data\OAF_Sad\OAF_rot_sad.wav,rot,sad
data/raw/TESS Toronto emotional speech set data\OAF_Sad\OAF_rough_sad.wav,rough,sad
data/raw/TESS Toronto emotional speech set data\OAF_Sad\OAF_rush_sad.wav,rush,sad
data/raw/TESS Toronto emotional speech set data\OAF_Sad\OAF_said_sad.wav,said,sad
data/raw/TESS Toronto emotional speech set data\OAF_Sad\OAF_sail_sad.wav,sail,sad
data/raw/TESS Toronto emotional speech set data\OAF_Sad\OAF_search_sad.wav,search,sad
data/raw/TESS Toronto emotional speech set data\OAF_Sad\OAF_seize_sad.wav,seize,sad
data/raw/TESS Toronto emotional speech set data\OAF_Sad\OAF_sell_sad.wav,sell,sad
data/raw/TESS Toronto emotional speech set data\OAF_Sad\OAF_shack_sad.wav,shack,sad
data/raw/TESS Toronto emotional speech set data\OAF_Sad\OAF_shall_sad.wav,shall,sad
data/raw/TESS Toronto emotional speech set data\OAF_Sad\OAF_shawl_sad.wav,shawl,sad
data/raw/TESS Toronto emotional speech set data\OAF_Sad\OAF_sheep_sad.wav,sheep,sad
data/raw/TESS Toronto emotional speech set data\OAF_Sad\OAF_shirt_sad.wav,shirt,sad
data/raw/TESS Toronto emotional speech set data\OAF_Sad\OAF_should_sad.wav,should,sad
data/raw/TESS Toronto emotional speech set data\OAF_Sad\OAF_shout_sad.wav,shout,sad
data/raw/TESS Toronto emotional speech set data\OAF_Sad\OAF_size_sad.wav,size,sad
data/raw/TESS Toronto emotional speech set data\OAF_Sad\OAF_soap_sad.wav,soap,sad
data/raw/TESS Toronto emotional speech set data\OAF_Sad\OAF_soup_sad.wav,soup,sad
data/raw/TESS Toronto emotional speech set data\OAF_Sad\OAF_sour_sad.wav,sour,sad
data/raw/TESS Toronto emotional speech set data\OAF_Sad\OAF_south_sad.wav,south,sad
data/raw/TESS Toronto emotional speech set data\OAF_Sad\OAF_sub_sad.wav,sub,sad
data/raw/TESS Toronto emotional speech set data\OAF_Sad\OAF_such_sad.wav,such,sad
data/raw/TESS Toronto emotional speech set data\OAF_Sad\OAF_sure_sad.wav,sure,sad
data/raw/TESS Toronto emotional speech set data\OAF_Sad\OAF_take_sad.wav,take,sad
data/raw/TESS Toronto emotional speech set data\OAF_Sad\OAF_talk_sad.wav,talk,sad
data/raw/TESS Toronto emotional speech set data\OAF_Sad\OAF_tape_sad.wav,tape,sad
data/raw/TESS Toronto emotional speech set data\OAF_Sad\OAF_team_sad.wav,team,sad
data/raw/TESS Toronto emotional speech set data\OAF_Sad\OAF_tell_sad.wav,tell,sad
data/raw/TESS Toronto emotional speech set data\OAF_Sad\OAF_thin_sad.wav,thin,sad
data/raw/TESS Toronto emotional speech set data\OAF_Sad\OAF_third_sad.wav,third,sad
data/raw/TESS Toronto emotional speech set data\OAF_Sad\OAF_thought_sad.wav,thought,sad
data/raw/TESS Toronto emotional speech set data\OAF_Sad\OAF_thumb_sad.wav,thumb,sad
data/raw/TESS Toronto emotional speech set data\OAF_Sad\OAF_time_sad.wav,time,sad
data/raw/TESS Toronto emotional speech set data\OAF_Sad\OAF_tip_sad.wav,tip,sad
data/raw/TESS Toronto emotional speech set data\OAF_Sad\OAF_tire_sad.wav,tire,sad
data/raw/TESS Toronto emotional speech set data\OAF_Sad\OAF_ton_sad.wav,ton,sad
data/raw/TESS Toronto emotional speech set data\OAF_Sad\OAF_tool_sad.wav,tool,sad
data/raw/TESS Toronto emotional speech set data\OAF_Sad\OAF_tough_sad.wav,tough,sad
data/raw/TESS Toronto emotional speech set data\OAF_Sad\OAF_turn_sad.wav,turn,sad
data/raw/TESS Toronto emotional speech set data\OAF_Sad\OAF_vine_sad.wav,vine,sad
data/raw/TESS Toronto emotional speech set data\OAF_Sad\OAF_voice_sad.wav,voice,sad
data/raw/TESS Toronto emotional speech set data\OAF_Sad\OAF_void_sad.wav,void,sad
data/raw/TESS Toronto emotional speech set data\OAF_Sad\OAF_vote_sad.wav,vote,sad
data/raw/TESS Toronto emotional speech set data\OAF_Sad\OAF_wag_sad.wav,wag,sad
data/raw/TESS Toronto emotional speech set data\OAF_Sad\OAF_walk_sad.wav,walk,sad
data/raw/TESS Toronto emotional speech set data\OAF_Sad\OAF_wash_sad.wav,wash,sad
data/raw/TESS Toronto emotional speech set data\OAF_Sad\OAF_week_sad.wav,week,sad
data/raw/TESS Toronto emotional speech set data\OAF_Sad\OAF_wheat_sad.wav,wheat,sad
data/raw/TESS Toronto emotional speech set data\OAF_Sad\OAF_when_sad.wav,when,sad
data/raw/TESS Toronto emotional speech set data\OAF_Sad\OAF_which_sad.wav,which,sad
data/raw/TESS Toronto emotional speech set data\OAF_Sad\OAF_whip_sad.wav,whip,sad
data/raw/TESS Toronto emotional speech set data\OAF_Sad\OAF_white_sad.wav,white,sad
data/raw/TESS Toronto emotional speech set data\OAF_Sad\OAF_wife_sad.wav,wife,sad
data/raw/TESS Toronto emotional speech set data\OAF_Sad\OAF_wire_sad.wav,wire,sad
data/raw/TESS Toronto emotional speech set data\OAF_Sad\OAF_witch_sad.wav,witch,sad
data/raw/TESS Toronto emotional speech set data\OAF_Sad\OAF_yearn_sad.wav,yearn,sad
data/raw/TESS Toronto emotional speech set data\OAF_Sad\OAF_yes_sad.wav,yes,sad
data/raw/TESS Toronto emotional speech set data\OAF_Sad\OAF_young_sad.wav,young,sad
data/raw/TESS Toronto emotional speech set data\OAF_Sad\OAF_youth_sad.wav,youth,sad
data/raw/TESS Toronto emotional speech set data\YAF_angry\YAF_back_angry.wav,back,angry
data/raw/TESS Toronto emotional speech set data\YAF_angry\YAF_bar_angry.wav,bar,angry
data/raw/TESS Toronto emotional speech set data\YAF_angry\YAF_base_angry.wav,base,angry
data/raw/TESS Toronto emotional speech set data\YAF_angry\YAF_bath_angry.wav,bath,angry
data/raw/TESS Toronto emotional speech set data\YAF_angry\YAF_bean_angry.wav,bean,angry
data/raw/TESS Toronto emotional speech set data\YAF_angry\YAF_beg_angry.wav,beg,angry
data/raw/TESS Toronto emotional speech set data\YAF_angry\YAF_bite_angry.wav,bite,angry
data/raw/TESS Toronto emotional speech set data\YAF_angry\YAF_boat_angry.wav,boat,angry
data/raw/TESS Toronto emotional speech set data\YAF_angry\YAF_bone_angry.wav,bone,angry
data/raw/TESS Toronto emotional speech set data\YAF_angry\YAF_book_angry.wav,book,angry
data/raw/TESS Toronto emotional speech set data\YAF_angry\YAF_bought_angry.wav,bought,angry
data/raw/TESS Toronto emotional speech set data\YAF_angry\YAF_burn_angry.wav,burn,angry
data/raw/TESS Toronto emotional speech set data\YAF_angry\YAF_cab_angry.wav,cab,angry
data/raw/TESS Toronto emotional speech set data\YAF_angry\YAF_calm_angry.wav,calm,angry
data/raw/TESS Toronto emotional speech set data\YAF_angry\YAF_came_angry.wav,came,angry
data/raw/TESS Toronto emotional speech set data\YAF_angry\YAF_cause_angry.wav,cause,angry
data/raw/TESS Toronto emotional speech set data\YAF_angry\YAF_chain_angry.wav,chain,angry
data/raw/TESS Toronto emotional speech set data\YAF_angry\YAF_chair_angry.wav,chair,angry
data/raw/TESS Toronto emotional speech set data\YAF_angry\YAF_chalk_angry.wav,chalk,angry
data/raw/TESS Toronto emotional speech set data\YAF_angry\YAF_chat_angry.wav,chat,angry
data/raw/TESS Toronto emotional speech set data\YAF_angry\YAF_check_angry.wav,check,angry
data/raw/TESS Toronto emotional speech set data\YAF_angry\YAF_cheek_angry.wav,cheek,angry
data/raw/TESS Toronto emotional speech set data\YAF_angry\YAF_chief_angry.wav,chief,angry
data/raw/TESS Toronto emotional speech set data\YAF_angry\YAF_choice_angry.wav,choice,angry
data/raw/TESS Toronto emotional speech set data\YAF_angry\YAF_cool_angry.wav,cool,angry
data/raw/TESS Toronto emotional speech set data\YAF_angry\YAF_dab_angry.wav,dab,angry
data/raw/TESS Toronto emotional speech set data\YAF_angry\YAF_date_angry.wav,date,angry
data/raw/TESS Toronto emotional speech set data\YAF_angry\YAF_dead_angry.wav,dead,angry
data/raw/TESS Toronto emotional speech set data\YAF_angry\YAF_death_angry.wav,death,angry
data/raw/TESS Toronto emotional speech set data\YAF_angry\YAF_deep_angry.wav,deep,angry
data/raw/TESS Toronto emotional speech set data\YAF_angry\YAF_dime_angry.wav,dime,angry
data/raw/TESS Toronto emotional speech set data\YAF_angry\YAF_dip_angry.wav,dip,angry
data/raw/TESS Toronto emotional speech set data\YAF_angry\YAF_ditch_angry.wav,ditch,angry
data/raw/TESS Toronto emotional speech set data\YAF_angry\YAF_dodge_angry.wav,dodge,angry
data/raw/TESS Toronto emotional speech set data\YAF_angry\YAF_dog_angry.wav,dog,angry
data/raw/TESS Toronto emotional speech set data\YAF_angry\YAF_doll_angry.wav,doll,angry
data/raw/TESS Toronto emotional speech set data\YAF_angry\YAF_door_angry.wav,door,angry
data/raw/TESS Toronto emotional speech set data\YAF_angry\YAF_fail_angry.wav,fail,angry
data/raw/TESS Toronto emotional speech set data\YAF_angry\YAF_fall_angry.wav,fall,angry
data/raw/TESS Toronto emotional speech set data\YAF_angry\YAF_far_angry.wav,far,angry
data/raw/TESS Toronto emotional speech set data\YAF_angry\YAF_fat_angry.wav,fat,angry
data/raw/TESS Toronto emotional speech set data\YAF_angry\YAF_fit_angry.wav,fit,angry
data/raw/TESS Toronto emotional speech set data\YAF_angry\YAF_five_angry.wav,five,angry
data/raw/TESS Toronto emotional speech set data\YAF_angry\YAF_food_angry.wav,food,angry
data/raw/TESS Toronto emotional speech set data\YAF_angry\YAF_gap_angry.wav,gap,angry
data/raw/TESS Toronto emotional speech set data\YAF_angry\YAF_gas_angry.wav,gas,angry
data/raw/TESS Toronto emotional speech set data\YAF_angry\YAF_gaze_angry.wav,gaze,angry
data/raw/TESS Toronto emotional speech set data\YAF_angry\YAF_germ_angry.wav,germ,angry
data/raw/TESS Toronto emotional speech set data\YAF_angry\YAF_get_angry.wav,get,angry
data/raw/TESS Toronto emotional speech set data\YAF_angry\YAF_gin_angry.wav,gin,angry
data/raw/TESS Toronto emotional speech set data\YAF_angry\YAF_goal_angry.wav,goal,angry
data/raw/TESS Toronto emotional speech set data\YAF_angry\YAF_good_angry.wav,good,angry
data/raw/TESS Toronto emotional speech set data\YAF_angry\YAF_goose_angry.wav,goose,angry
data/raw/TESS Toronto emotional speech set data\YAF_angry\YAF_gun_angry.wav,gun,angry
data/raw/TESS Toronto emotional speech set data\YAF_angry\YAF_half_angry.wav,half,angry
data/raw/TESS Toronto emotional speech set data\YAF_angry\YAF_hall_angry.wav,hall,angry
data/raw/TESS Toronto emotional speech set data\YAF_angry\YAF_hash_angry.wav,hash,angry
data/raw/TESS Toronto emotional speech set data\YAF_angry\YAF_hate_angry.wav,hate,angry
data/raw/TESS Toronto emotional speech set data\YAF_angry\YAF_have_angry.wav,have,angry
data/raw/TESS Toronto emotional speech set data\YAF_angry\YAF_haze_angry.wav,haze,angry
data/raw/TESS Toronto emotional speech set data\YAF_angry\YAF_hire_angry.wav,hire,angry
data/raw/TESS Toronto emotional speech set data\YAF_angry\YAF_hit_angry.wav,hit,angry
data/raw/TESS Toronto emotional speech set data\YAF_angry\YAF_hole_angry.wav,hole,angry
data/raw/TESS Toronto emotional speech set data\YAF_angry\YAF_home_angry.wav,home,angry
data/raw/TESS Toronto emotional speech set data\YAF_angry\YAF_hurl_angry.wav,hurl,angry
data/raw/TESS Toronto emotional speech set data\YAF_angry\YAF_hush_angry.wav,hush,angry
data/raw/TESS Toronto emotional speech set data\YAF_angry\YAF_jail_angry.wav,jail,angry
data/raw/TESS Toronto emotional speech set data\YAF_angry\YAF_jar_angry.wav,jar,angry
data/raw/TESS Toronto emotional speech set data\YAF_angry\YAF_join_angry.wav,join,angry
data/raw/TESS Toronto emotional speech set data\YAF_angry\YAF_judge_angry.wav,judge,angry
data/raw/TESS Toronto emotional speech set data\YAF_angry\YAF_jug_angry.wav,jug,angry
data/raw/TESS Toronto emotional speech set data\YAF_angry\YAF_juice_angry.wav,juice,angry
data/raw/TESS Toronto emotional speech set data\YAF_angry\YAF_keen_angry.wav,keen,angry
data/raw/TESS Toronto emotional speech set data\YAF_angry\YAF_keep_angry.wav,keep,angry
data/raw/TESS Toronto emotional speech set data\YAF_angry\YAF_keg_angry.wav,keg,angry
data/raw/TESS Toronto emotional speech set data\YAF_angry\YAF_kick_angry.wav,kick,angry
data/raw/TESS Toronto emotional speech set data\YAF_angry\YAF_kill_angry.wav,kill,angry
data/raw/TESS Toronto emotional speech set data\YAF_angry\YAF_king_angry.wav,king,angry
data/raw/TESS Toronto emotional speech set data\YAF_angry\YAF_kite_angry.wav,kite,angry
data/raw/TESS Toronto emotional speech set data\YAF_angry\YAF_knock_angry.wav,knock,angry
data/raw/TESS Toronto emotional speech set data\YAF_angry\YAF_late_angry.wav,late,angry
data/raw/TESS Toronto emotional speech set data\YAF_angry\YAF_laud_angry.wav,laud,angry
data/raw/TESS Toronto emotional speech set data\YAF_angry\YAF_lean_angry.wav,lean,angry
data/raw/TESS Toronto emotional speech set data\YAF_angry\YAF_learn_angry.wav,learn,angry
data/raw/TESS Toronto emotional speech set data\YAF_angry\YAF_lease_angry.wav,lease,angry
data/raw/TESS Toronto emotional speech set data\YAF_angry\YAF_lid_angry.wav,lid,angry
data/raw/TESS Toronto emotional speech set data\YAF_angry\YAF_life_angry.wav,life,angry
data/raw/TESS Toronto emotional speech set data\YAF_angry\YAF_limb_angry.wav,limb,angry
data/raw/TESS Toronto emotional speech set data\YAF_angry\YAF_live_angry.wav,live,angry
data/raw/TESS Toronto emotional speech set data\YAF_angry\YAF_loaf_angry.wav,loaf,angry
data/raw/TESS Toronto emotional speech set data\YAF_angry\YAF_long_angry.wav,long,angry
data/raw/TESS Toronto emotional speech set data\YAF_angry\YAF_lore_angry.wav,lore,angry
data/raw/TESS Toronto emotional speech set data\YAF_angry\YAF_lose_angry.wav,lose,angry
data/raw/TESS Toronto emotional speech set data\YAF_angry\YAF_lot_angry.wav,lot,angry
data/raw/TESS Toronto emotional speech set data\YAF_angry\YAF_love_angry.wav,love,angry
data/raw/TESS Toronto emotional speech set data\YAF_angry\YAF_luck_angry.wav,luck,angry
data/raw/TESS Toronto emotional speech set data\YAF_angry\YAF_make_angry.wav,make,angry
data/raw/TESS Toronto emotional speech set data\YAF_angry\YAF_match_angry.wav,match,angry
data/raw/TESS Toronto emotional speech set data\YAF_angry\YAF_merge_angry.wav,merge,angry
data/raw/TESS Toronto emotional speech set data\YAF_angry\YAF_mess_angry.wav,mess,angry
data/raw/TESS Toronto emotional speech set data\YAF_angry\YAF_met_angry.wav,met,angry
data/raw/TESS Toronto emotional speech set data\YAF_angry\YAF_mill_angry.wav,mill,angry
data/raw/TESS Toronto emotional speech set data\YAF_angry\YAF_mob_angry.wav,mob,angry
data/raw/TESS Toronto emotional speech set data\YAF_angry\YAF_mode_angry.wav,mode,angry
data/raw/TESS Toronto emotional speech set data\YAF_angry\YAF_mood_angry.wav,mood,angry
data/raw/TESS Toronto emotional speech set data\YAF_angry\YAF_moon_angry.wav,moon,angry
data/raw/TESS Toronto emotional speech set data\YAF_angry\YAF_mop_angry.wav,mop,angry
data/raw/TESS Toronto emotional speech set data\YAF_angry\YAF_mouse_angry.wav,mouse,angry
data/raw/TESS Toronto emotional speech set data\YAF_angry\YAF_nag_angry.wav,nag,angry
data/raw/TESS Toronto emotional speech set data\YAF_angry\YAF_name_angry.wav,name,angry
data/raw/TESS Toronto emotional speech set data\YAF_angry\YAF_near_angry.wav,near,angry
data/raw/TESS Toronto emotional speech set data\YAF_angry\YAF_neat_angry.wav,neat,angry
data/raw/TESS Toronto emotional speech set data\YAF_angry\YAF_nice_angry.wav,nice,angry
data/raw/TESS Toronto emotional speech set data\YAF_angry\YAF_note_angry.wav,note,angry
data/raw/TESS Toronto emotional speech set data\YAF_angry\YAF_numb_angry.wav,numb,angry
data/raw/TESS Toronto emotional speech set data\YAF_angry\YAF_pad_angry.wav,pad,angry
data/raw/TESS Toronto emotional speech set data\YAF_angry\YAF_page_angry.wav,page,angry
data/raw/TESS Toronto emotional speech set data\YAF_angry\YAF_pain_angry.wav,pain,angry
data/raw/TESS Toronto emotional speech set data\YAF_angry\YAF_pass_angry.wav,pass,angry
data/raw/TESS Toronto emotional speech set data\YAF_angry\YAF_pearl_angry.wav,pearl,angry
data/raw/TESS Toronto emotional speech set data\YAF_angry\YAF_peg_angry.wav,peg,angry
data/raw/TESS Toronto emotional speech set data\YAF_angry\YAF_perch_angry.wav,perch,angry
data/raw/TESS Toronto emotional speech set data\YAF_angry\YAF_phone_angry.wav,phone,angry
data/raw/TESS Toronto emotional speech set data\YAF_angry\YAF_pick_angry.wav,pick,angry
data/raw/TESS Toronto emotional speech set data\YAF_angry\YAF_pike_angry.wav,pike,angry
data/raw/TESS Toronto emotional speech set data\YAF_angry\YAF_pole_angry.wav,pole,angry
data/raw/TESS Toronto emotional speech set data\YAF_angry\YAF_pool_angry.wav,pool,angry
data/raw/TESS Toronto emotional speech set data\YAF_angry\YAF_puff_angry.wav,puff,angry
data/raw/TESS Toronto emotional speech set data\YAF_angry\YAF_rag_angry.wav,rag,angry
data/raw/TESS Toronto emotional speech set data\YAF_angry\YAF_raid_angry.wav,raid,angry
data/raw/TESS Toronto emotional speech set data\YAF_angry\YAF_rain_angry.wav,rain,angry
data/raw/TESS Toronto emotional speech set data\YAF_angry\YAF_raise_angry.wav,raise,angry
data/raw/TESS Toronto emotional speech set data\YAF_angry\YAF_rat_angry.wav,rat,angry
data/raw/TESS Toronto emotional speech set data\YAF_angry\YAF_reach_angry.wav,reach,angry
data/raw/TESS Toronto emotional speech set data\YAF_angry\YAF_read_angry.wav,read,angry
data/raw/TESS Toronto emotional speech set data\YAF_angry\YAF_red_angry.wav,red,angry
data/raw/TESS Toronto emotional speech set data\YAF_angry\YAF_ring_angry.wav,ring,angry
data/raw/TESS Toronto emotional speech set data\YAF_angry\YAF_ripe_angry.wav,ripe,angry
data/raw/TESS Toronto emotional speech set data\YAF_angry\YAF_road_angry.wav,road,angry
data/raw/TESS Toronto emotional speech set data\YAF_angry\YAF_room_angry.wav,room,angry
data/raw/TESS Toronto emotional speech set data\YAF_angry\YAF_rose_angry.wav,rose,angry
data/raw/TESS Toronto emotional speech set data\YAF_angry\YAF_rot_angry.wav,rot,angry
data/raw/TESS Toronto emotional speech set data\YAF_angry\YAF_rough_angry.wav,rough,angry
data/raw/TESS Toronto emotional speech set data\YAF_angry\YAF_rush_angry.wav,rush,angry
data/raw/TESS Toronto emotional speech set data\YAF_angry\YAF_said_angry.wav,said,angry
data/raw/TESS Toronto emotional speech set data\YAF_angry\YAF_sail_angry.wav,sail,angry
data/raw/TESS Toronto emotional speech set data\YAF_angry\YAF_search_angry.wav,search,angry
data/raw/TESS Toronto emotional speech set data\YAF_angry\YAF_seize_angry.wav,seize,angry
data/raw/TESS Toronto emotional speech set data\YAF_angry\YAF_sell_angry.wav,sell,angry
data/raw/TESS Toronto emotional speech set data\YAF_angry\YAF_shack_angry.wav,shack,angry
data/raw/TESS Toronto emotional speech set data\YAF_angry\YAF_shall_angry.wav,shall,angry
data/raw/TESS Toronto emotional speech set data\YAF_angry\YAF_shawl_angry.wav,shawl,angry
data/raw/TESS Toronto emotional speech set data\YAF_angry\YAF_sheep_angry.wav,sheep,angry
data/raw/TESS Toronto emotional speech set data\YAF_angry\YAF_shirt_angry.wav,shirt,angry
data/raw/TESS Toronto emotional speech set data\YAF_angry\YAF_should_angry.wav,should,angry
data/raw/TESS Toronto emotional speech set data\YAF_angry\YAF_shout_angry.wav,shout,angry
data/raw/TESS Toronto emotional speech set data\YAF_angry\YAF_size_angry.wav,size,angry
data/raw/TESS Toronto emotional speech set data\YAF_angry\YAF_soap_angry.wav,soap,angry
data/raw/TESS Toronto emotional speech set data\YAF_angry\YAF_soup_angry.wav,soup,angry
data/raw/TESS Toronto emotional speech set data\YAF_angry\YAF_sour_angry.wav,sour,angry
data/raw/TESS Toronto emotional speech set data\YAF_angry\YAF_south_angry.wav,south,angry
data/raw/TESS Toronto emotional speech set data\YAF_angry\YAF_sub_angry.wav,sub,angry
data/raw/TESS Toronto emotional speech set data\YAF_angry\YAF_such_angry.wav,such,angry
data/raw/TESS Toronto emotional speech set data\YAF_angry\YAF_sure_angry.wav,sure,angry
data/raw/TESS Toronto emotional speech set data\YAF_angry\YAF_take_angry.wav,take,angry
data/raw/TESS Toronto emotional speech set data\YAF_angry\YAF_talk_angry.wav,talk,angry
data/raw/TESS Toronto emotional speech set data\YAF_angry\YAF_tape_angry.wav,tape,angry
data/raw/TESS Toronto emotional speech set data\YAF_angry\YAF_team_angry.wav,team,angry
data/raw/TESS Toronto emotional speech set data\YAF_angry\YAF_tell_angry.wav,tell,angry
data/raw/TESS Toronto emotional speech set data\YAF_angry\YAF_thin_angry.wav,thin,angry
data/raw/TESS Toronto emotional speech set data\YAF_angry\YAF_third_angry.wav,third,angry
data/raw/TESS Toronto emotional speech set data\YAF_angry\YAF_thought_angry.wav,thought,angry
data/raw/TESS Toronto emotional speech set data\YAF_angry\YAF_thumb_angry.wav,thumb,angry
data/raw/TESS Toronto emotional speech set data\YAF_angry\YAF_time_angry.wav,time,angry
data/raw/TESS Toronto emotional speech set data\YAF_angry\YAF_tip_angry.wav,tip,angry
data/raw/TESS Toronto emotional speech set data\YAF_angry\YAF_tire_angry.wav,tire,angry
data/raw/TESS Toronto emotional speech set data\YAF_angry\YAF_ton_angry.wav,ton,angry
data/raw/TESS Toronto emotional speech set data\YAF_angry\YAF_tool_angry.wav,tool,angry
data/raw/TESS Toronto emotional speech set data\YAF_angry\YAF_tough_angry.wav,tough,angry
data/raw/TESS Toronto emotional speech set data\YAF_angry\YAF_turn_angry.wav,turn,angry
data/raw/TESS Toronto emotional speech set data\YAF_angry\YAF_vine_angry.wav,vine,angry
data/raw/TESS Toronto emotional speech set data\YAF_angry\YAF_voice_angry.wav,voice,angry
data/raw/TESS Toronto emotional speech set data\YAF_angry\YAF_void_angry.wav,void,angry
data/raw/TESS Toronto emotional speech set data\YAF_angry\YAF_vote_angry.wav,vote,angry
data/raw/TESS Toronto emotional speech set data\YAF_angry\YAF_wag_angry.wav,wag,angry
data/raw/TESS Toronto emotional speech set data\YAF_angry\YAF_walk_angry.wav,walk,angry
data/raw/TESS Toronto emotional speech set data\YAF_angry\YAF_wash_angry.wav,wash,angry
data/raw/TESS Toronto emotional speech set data\YAF_angry\YAF_week_angry.wav,week,angry
data/raw/TESS Toronto emotional speech set data\YAF_angry\YAF_wheat_angry.wav,wheat,angry
data/raw/TESS Toronto emotional speech set data\YAF_angry\YAF_when_angry.wav,when,angry
data/raw/TESS Toronto emotional speech set data\YAF_angry\YAF_which_angry.wav,which,angry
data/raw/TESS Toronto emotional speech set data\YAF_angry\YAF_whip_angry.wav,whip,angry
data/raw/TESS Toronto emotional speech set data\YAF_angry\YAF_white_angry.wav,white,angry
data/raw/TESS Toronto emotional speech set data\YAF_angry\YAF_wife_angry.wav,wife,angry
data/raw/TESS Toronto emotional speech set data\YAF_angry\YAF_wire_angry.wav,wire,angry
data/raw/TESS Toronto emotional speech set data\YAF_angry\YAF_witch_angry.wav,witch,angry
data/raw/TESS Toronto emotional speech set data\YAF_angry\YAF_yearn_angry.wav,yearn,angry
data/raw/TESS Toronto emotional speech set data\YAF_angry\YAF_yes_angry.wav,yes,angry
data/raw/TESS Toronto emotional speech set data\YAF_angry\YAF_young_angry.wav,young,angry
data/raw/TESS Toronto emotional speech set data\YAF_angry\YAF_youth_angry.wav,youth,angry
data/raw/TESS Toronto emotional speech set data\YAF_disgust\YAF_back_disgust.wav,back,disgust
data/raw/TESS Toronto emotional speech set data\YAF_disgust\YAF_bar_disgust.wav,bar,disgust
data/raw/TESS Toronto emotional speech set data\YAF_disgust\YAF_base_disgust.wav,base,disgust
data/raw/TESS Toronto emotional speech set data\YAF_disgust\YAF_bath_disgust.wav,bath,disgust
data/raw/TESS Toronto emotional speech set data\YAF_disgust\YAF_bean_disgust.wav,bean,disgust
data/raw/TESS Toronto emotional speech set data\YAF_disgust\YAF_beg_disgust.wav,beg,disgust
data/raw/TESS Toronto emotional speech set data\YAF_disgust\YAF_bite_disgust.wav,bite,disgust
data/raw/TESS Toronto emotional speech set data\YAF_disgust\YAF_boat_disgust.wav,boat,disgust
data/raw/TESS Toronto emotional speech set data\YAF_disgust\YAF_bone_disgust.wav,bone,disgust
data/raw/TESS Toronto emotional speech set data\YAF_disgust\YAF_book_disgust.wav,book,disgust
data/raw/TESS Toronto emotional speech set data\YAF_disgust\YAF_bought_disgust.wav,bought,disgust
data/raw/TESS Toronto emotional speech set data\YAF_disgust\YAF_burn_disgust.wav,burn,disgust
data/raw/TESS Toronto emotional speech set data\YAF_disgust\YAF_cab_disgust.wav,cab,disgust
data/raw/TESS Toronto emotional speech set data\YAF_disgust\YAF_calm_disgust.wav,calm,disgust
data/raw/TESS Toronto emotional speech set data\YAF_disgust\YAF_came_disgust.wav,came,disgust
data/raw/TESS Toronto emotional speech set data\YAF_disgust\YAF_cause_disgust.wav,cause,disgust
data/raw/TESS Toronto emotional speech set data\YAF_disgust\YAF_chain_disgust.wav,chain,disgust
data/raw/TESS Toronto emotional speech set data\YAF_disgust\YAF_chair_disgust.wav,chair,disgust
data/raw/TESS Toronto emotional speech set data\YAF_disgust\YAF_chalk_disgust.wav,chalk,disgust
data/raw/TESS Toronto emotional speech set data\YAF_disgust\YAF_chat_disgust.wav,chat,disgust
data/raw/TESS Toronto emotional speech set data\YAF_disgust\YAF_check_disgust.wav,check,disgust
data/raw/TESS Toronto emotional speech set data\YAF_disgust\YAF_cheek_disgust.wav,cheek,disgust
data/raw/TESS Toronto emotional speech set data\YAF_disgust\YAF_chief_disgust.wav,chief,disgust
data/raw/TESS Toronto emotional speech set data\YAF_disgust\YAF_choice_disgust.wav,choice,disgust
data/raw/TESS Toronto emotional speech set data\YAF_disgust\YAF_cool_disgust.wav,cool,disgust
data/raw/TESS Toronto emotional speech set data\YAF_disgust\YAF_dab_disgust.wav,dab,disgust
data/raw/TESS Toronto emotional speech set data\YAF_disgust\YAF_date_disgust.wav,date,disgust
data/raw/TESS Toronto emotional speech set data\YAF_disgust\YAF_dead_disgust.wav,dead,disgust
data/raw/TESS Toronto emotional speech set data\YAF_disgust\YAF_death_disgust.wav,death,disgust
data/raw/TESS Toronto emotional speech set data\YAF_disgust\YAF_deep_disgust.wav,deep,disgust
data/raw/TESS Toronto emotional speech set data\YAF_disgust\YAF_dime_disgust.wav,dime,disgust
data/raw/TESS Toronto emotional speech set data\YAF_disgust\YAF_dip_disgust.wav,dip,disgust
data/raw/TESS Toronto emotional speech set data\YAF_disgust\YAF_ditch_disgust.wav,ditch,disgust
data/raw/TESS Toronto emotional speech set data\YAF_disgust\YAF_dodge_disgust.wav,dodge,disgust
data/raw/TESS Toronto emotional speech set data\YAF_disgust\YAF_dog_disgust.wav,dog,disgust
data/raw/TESS Toronto emotional speech set data\YAF_disgust\YAF_doll_disgust.wav,doll,disgust
data/raw/TESS Toronto emotional speech set data\YAF_disgust\YAF_door_disgust.wav,door,disgust
data/raw/TESS Toronto emotional speech set data\YAF_disgust\YAF_fail_disgust.wav,fail,disgust
data/raw/TESS Toronto emotional speech set data\YAF_disgust\YAF_fall_disgust.wav,fall,disgust
data/raw/TESS Toronto emotional speech set data\YAF_disgust\YAF_far_disgust.wav,far,disgust
data/raw/TESS Toronto emotional speech set data\YAF_disgust\YAF_fat_disgust.wav,fat,disgust
data/raw/TESS Toronto emotional speech set data\YAF_disgust\YAF_fit_disgust.wav,fit,disgust
data/raw/TESS Toronto emotional speech set data\YAF_disgust\YAF_five_disgust.wav,five,disgust
data/raw/TESS Toronto emotional speech set data\YAF_disgust\YAF_food_disgust.wav,food,disgust
data/raw/TESS Toronto emotional speech set data\YAF_disgust\YAF_gap_disgust.wav,gap,disgust
data/raw/TESS Toronto emotional speech set data\YAF_disgust\YAF_gas_disgust.wav,gas,disgust
data/raw/TESS Toronto emotional speech set data\YAF_disgust\YAF_gaze_disgust.wav,gaze,disgust
data/raw/TESS Toronto emotional speech set data\YAF_disgust\YAF_germ_disgust.wav,germ,disgust
data/raw/TESS Toronto emotional speech set data\YAF_disgust\YAF_get_disgust.wav,get,disgust
data/raw/TESS Toronto emotional speech set data\YAF_disgust\YAF_gin_disgust.wav,gin,disgust
data/raw/TESS Toronto emotional speech set data\YAF_disgust\YAF_goal_disgust.wav,goal,disgust
data/raw/TESS Toronto emotional speech set data\YAF_disgust\YAF_good_disgust.wav,good,disgust
data/raw/TESS Toronto emotional speech set data\YAF_disgust\YAF_goose_disgust.wav,goose,disgust
data/raw/TESS Toronto emotional speech set data\YAF_disgust\YAF_gun_disgust.wav,gun,disgust
data/raw/TESS Toronto emotional speech set data\YAF_disgust\YAF_half_disgust.wav,half,disgust
data/raw/TESS Toronto emotional speech set data\YAF_disgust\YAF_hall_disgust.wav,hall,disgust
data/raw/TESS Toronto emotional speech set data\YAF_disgust\YAF_hash_disgust.wav,hash,disgust
data/raw/TESS Toronto emotional speech set data\YAF_disgust\YAF_hate_disgust.wav,hate,disgust
data/raw/TESS Toronto emotional speech set data\YAF_disgust\YAF_have_disgust.wav,have,disgust
data/raw/TESS Toronto emotional speech set data\YAF_disgust\YAF_haze_disgust.wav,haze,disgust
data/raw/TESS Toronto emotional speech set data\YAF_disgust\YAF_hire_disgust.wav,hire,disgust
data/raw/TESS Toronto emotional speech set data\YAF_disgust\YAF_hit_disgust.wav,hit,disgust
data/raw/TESS Toronto emotional speech set data\YAF_disgust\YAF_hole_disgust.wav,hole,disgust
data/raw/TESS Toronto emotional speech set data\YAF_disgust\YAF_home_disgust.wav,home,disgust
data/raw/TESS Toronto emotional speech set data\YAF_disgust\YAF_hurl_disgust.wav,hurl,disgust
data/raw/TESS Toronto emotional speech set data\YAF_disgust\YAF_hush_disgust.wav,hush,disgust
data/raw/TESS Toronto emotional speech set data\YAF_disgust\YAF_jail_disgust.wav,jail,disgust
data/raw/TESS Toronto emotional speech set data\YAF_disgust\YAF_jar_disgust.wav,jar,disgust
data/raw/TESS Toronto emotional speech set data\YAF_disgust\YAF_join_disgust.wav,join,disgust
data/raw/TESS Toronto emotional speech set data\YAF_disgust\YAF_judge_disgust.wav,judge,disgust
data/raw/TESS Toronto emotional speech set data\YAF_disgust\YAF_jug_disgust.wav,jug,disgust
data/raw/TESS Toronto emotional speech set data\YAF_disgust\YAF_juice_disgust.wav,juice,disgust
data/raw/TESS Toronto emotional speech set data\YAF_disgust\YAF_keen_disgust.wav,keen,disgust
data/raw/TESS Toronto emotional speech set data\YAF_disgust\YAF_keep_disgust.wav,keep,disgust
data/raw/TESS Toronto emotional speech set data\YAF_disgust\YAF_keg_disgust.wav,keg,disgust
data/raw/TESS Toronto emotional speech set data\YAF_disgust\YAF_kick_disgust.wav,kick,disgust
data/raw/TESS Toronto emotional speech set data\YAF_disgust\YAF_kill_disgust.wav,kill,disgust
data/raw/TESS Toronto emotional speech set data\YAF_disgust\YAF_king_disgust.wav,king,disgust
data/raw/TESS Toronto emotional speech set data\YAF_disgust\YAF_kite_disgust.wav,kite,disgust
data/raw/TESS Toronto emotional speech set data\YAF_disgust\YAF_knock_disgust.wav,knock,disgust
data/raw/TESS Toronto emotional speech set data\YAF_disgust\YAF_late_disgust.wav,late,disgust
data/raw/TESS Toronto emotional speech set data\YAF_disgust\YAF_laud_disgust.wav,laud,disgust
data/raw/TESS Toronto emotional speech set data\YAF_disgust\YAF_lean_disgust.wav,lean,disgust
data/raw/TESS Toronto emotional speech set data\YAF_disgust\YAF_learn_disgust.wav,learn,disgust
data/raw/TESS Toronto emotional speech set data\YAF_disgust\YAF_lease_disgust.wav,lease,disgust
data/raw/TESS Toronto emotional speech set data\YAF_disgust\YAF_lid_disgust.wav,lid,disgust
data/raw/TESS Toronto emotional speech set data\YAF_disgust\YAF_life_disgust.wav,life,disgust
data/raw/TESS Toronto emotional speech set data\YAF_disgust\YAF_limb_disgust.wav,limb,disgust
data/raw/TESS Toronto emotional speech set data\YAF_disgust\YAF_live_disgust.wav,live,disgust
data/raw/TESS Toronto emotional speech set data\YAF_disgust\YAF_loaf_disgust.wav,loaf,disgust
data/raw/TESS Toronto emotional speech set data\YAF_disgust\YAF_long_disgust.wav,long,disgust
data/raw/TESS Toronto emotional speech set data\YAF_disgust\YAF_lore_disgust.wav,lore,disgust
data/raw/TESS Toronto emotional speech set data\YAF_disgust\YAF_lose_disgust.wav,lose,disgust
data/raw/TESS Toronto emotional speech set data\YAF_disgust\YAF_lot_disgust.wav,lot,disgust
data/raw/TESS Toronto emotional speech set data\YAF_disgust\YAF_love_disgust.wav,love,disgust
data/raw/TESS Toronto emotional speech set data\YAF_disgust\YAF_luck_disgust.wav,luck,disgust
data/raw/TESS Toronto emotional speech set data\YAF_disgust\YAF_make_disgust.wav,make,disgust
data/raw/TESS Toronto emotional speech set data\YAF_disgust\YAF_match_disgust.wav,match,disgust
data/raw/TESS Toronto emotional speech set data\YAF_disgust\YAF_merge_disgust.wav,merge,disgust
data/raw/TESS Toronto emotional speech set data\YAF_disgust\YAF_mess_disgust.wav,mess,disgust
data/raw/TESS Toronto emotional speech set data\YAF_disgust\YAF_met_disgust.wav,met,disgust
data/raw/TESS Toronto emotional speech set data\YAF_disgust\YAF_mill_disgust.wav,mill,disgust
data/raw/TESS Toronto emotional speech set data\YAF_disgust\YAF_mob_disgust.wav,mob,disgust
data/raw/TESS Toronto emotional speech set data\YAF_disgust\YAF_mode_disgust.wav,mode,disgust
data/raw/TESS Toronto emotional speech set data\YAF_disgust\YAF_mood_disgust.wav,mood,disgust
data/raw/TESS Toronto emotional speech set data\YAF_disgust\YAF_moon_disgust.wav,moon,disgust
data/raw/TESS Toronto emotional speech set data\YAF_disgust\YAF_mop_disgust.wav,mop,disgust
data/raw/TESS Toronto emotional speech set data\YAF_disgust\YAF_mouse_disgust.wav,mouse,disgust
data/raw/TESS Toronto emotional speech set data\YAF_disgust\YAF_nag_disgust.wav,nag,disgust
data/raw/TESS Toronto emotional speech set data\YAF_disgust\YAF_name_disgust.wav,name,disgust
data/raw/TESS Toronto emotional speech set data\YAF_disgust\YAF_near_disgust.wav,near,disgust
data/raw/TESS Toronto emotional speech set data\YAF_disgust\YAF_neat_disgust.wav,neat,disgust
data/raw/TESS Toronto emotional speech set data\YAF_disgust\YAF_nice_disgust.wav,nice,disgust
data/raw/TESS Toronto emotional speech set data\YAF_disgust\YAF_note_disgust.wav,note,disgust
data/raw/TESS Toronto emotional speech set data\YAF_disgust\YAF_numb_disgust.wav,numb,disgust
data/raw/TESS Toronto emotional speech set data\YAF_disgust\YAF_pad_disgust.wav,pad,disgust
data/raw/TESS Toronto emotional speech set data\YAF_disgust\YAF_page_disgust.wav,page,disgust
data/raw/TESS Toronto emotional speech set data\YAF_disgust\YAF_pain_disgust.wav,pain,disgust
data/raw/TESS Toronto emotional speech set data\YAF_disgust\YAF_pass_disgust.wav,pass,disgust
data/raw/TESS Toronto emotional speech set data\YAF_disgust\YAF_pearl_disgust.wav,pearl,disgust
data/raw/TESS Toronto emotional speech set data\YAF_disgust\YAF_peg_disgust.wav,peg,disgust
data/raw/TESS Toronto emotional speech set data\YAF_disgust\YAF_perch_disgust.wav,perch,disgust
data/raw/TESS Toronto emotional speech set data\YAF_disgust\YAF_phone_disgust.wav,phone,disgust
data/raw/TESS Toronto emotional speech set data\YAF_disgust\YAF_pick_disgust.wav,pick,disgust
data/raw/TESS Toronto emotional speech set data\YAF_disgust\YAF_pike_disgust.wav,pike,disgust
data/raw/TESS Toronto emotional speech set data\YAF_disgust\YAF_pole_disgust.wav,pole,disgust
data/raw/TESS Toronto emotional speech set data\YAF_disgust\YAF_pool_disgust.wav,pool,disgust
data/raw/TESS Toronto emotional speech set data\YAF_disgust\YAF_puff_disgust.wav,puff,disgust
data/raw/TESS Toronto emotional speech set data\YAF_disgust\YAF_rag_disgust.wav,rag,disgust
data/raw/TESS Toronto emotional speech set data\YAF_disgust\YAF_raid_disgust.wav,raid,disgust
data/raw/TESS Toronto emotional speech set data\YAF_disgust\YAF_rain_disgust.wav,rain,disgust
data/raw/TESS Toronto emotional speech set data\YAF_disgust\YAF_raise_disgust.wav,raise,disgust
data/raw/TESS Toronto emotional speech set data\YAF_disgust\YAF_rat_disgust.wav,rat,disgust
data/raw/TESS Toronto emotional speech set data\YAF_disgust\YAF_reach_disgust.wav,reach,disgust
data/raw/TESS Toronto emotional speech set data\YAF_disgust\YAF_read_disgust.wav,read,disgust
data/raw/TESS Toronto emotional speech set data\YAF_disgust\YAF_red_disgust.wav,red,disgust
data/raw/TESS Toronto emotional speech set data\YAF_disgust\YAF_ring_disgust.wav,ring,disgust
data/raw/TESS Toronto emotional speech set data\YAF_disgust\YAF_ripe_disgust.wav,ripe,disgust
data/raw/TESS Toronto emotional speech set data\YAF_disgust\YAF_road_disgust.wav,road,disgust
data/raw/TESS Toronto emotional speech set data\YAF_disgust\YAF_room_disgust.wav,room,disgust
data/raw/TESS Toronto emotional speech set data\YAF_disgust\YAF_rose_disgust.wav,rose,disgust
data/raw/TESS Toronto emotional speech set data\YAF_disgust\YAF_rot_disgust.wav,rot,disgust
data/raw/TESS Toronto emotional speech set data\YAF_disgust\YAF_rough_disgust.wav,rough,disgust
data/raw/TESS Toronto emotional speech set data\YAF_disgust\YAF_rush_disgust.wav,rush,disgust
data/raw/TESS Toronto emotional speech set data\YAF_disgust\YAF_said_disgust.wav,said,disgust
data/raw/TESS Toronto emotional speech set data\YAF_disgust\YAF_sail_disgust.wav,sail,disgust
data/raw/TESS Toronto emotional speech set data\YAF_disgust\YAF_search_disgust.wav,search,disgust
data/raw/TESS Toronto emotional speech set data\YAF_disgust\YAF_seize_disgust.wav,seize,disgust
data/raw/TESS Toronto emotional speech set data\YAF_disgust\YAF_sell_disgust.wav,sell,disgust
data/raw/TESS Toronto emotional speech set data\YAF_disgust\YAF_shack_disgust.wav,shack,disgust
data/raw/TESS Toronto emotional speech set data\YAF_disgust\YAF_shall_disgust.wav,shall,disgust
data/raw/TESS Toronto emotional speech set data\YAF_disgust\YAF_shawl_disgust.wav,shawl,disgust
data/raw/TESS Toronto emotional speech set data\YAF_disgust\YAF_sheep_disgust.wav,sheep,disgust
data/raw/TESS Toronto emotional speech set data\YAF_disgust\YAF_shirt_disgust.wav,shirt,disgust
data/raw/TESS Toronto emotional speech set data\YAF_disgust\YAF_should_disgust.wav,should,disgust
data/raw/TESS Toronto emotional speech set data\YAF_disgust\YAF_shout_disgust.wav,shout,disgust
data/raw/TESS Toronto emotional speech set data\YAF_disgust\YAF_size_disgust.wav,size,disgust
data/raw/TESS Toronto emotional speech set data\YAF_disgust\YAF_soap_disgust.wav,soap,disgust
data/raw/TESS Toronto emotional speech set data\YAF_disgust\YAF_soup_disgust.wav,soup,disgust
data/raw/TESS Toronto emotional speech set data\YAF_disgust\YAF_sour_disgust.wav,sour,disgust
data/raw/TESS Toronto emotional speech set data\YAF_disgust\YAF_south_disgust.wav,south,disgust
data/raw/TESS Toronto emotional speech set data\YAF_disgust\YAF_sub_disgust.wav,sub,disgust
data/raw/TESS Toronto emotional speech set data\YAF_disgust\YAF_such_disgust.wav,such,disgust
data/raw/TESS Toronto emotional speech set data\YAF_disgust\YAF_sure_disgust.wav,sure,disgust
data/raw/TESS Toronto emotional speech set data\YAF_disgust\YAF_take_disgust.wav,take,disgust
data/raw/TESS Toronto emotional speech set data\YAF_disgust\YAF_talk_disgust.wav,talk,disgust
data/raw/TESS Toronto emotional speech set data\YAF_disgust\YAF_tape_disgust.wav,tape,disgust
data/raw/TESS Toronto emotional speech set data\YAF_disgust\YAF_team_disgust.wav,team,disgust
data/raw/TESS Toronto emotional speech set data\YAF_disgust\YAF_tell_disgust.wav,tell,disgust
data/raw/TESS Toronto emotional speech set data\YAF_disgust\YAF_thin_disgust.wav,thin,disgust
data/raw/TESS Toronto emotional speech set data\YAF_disgust\YAF_third_disgust.wav,third,disgust
data/raw/TESS Toronto emotional speech set data\YAF_disgust\YAF_thought_disgust.wav,thought,disgust
data/raw/TESS Toronto emotional speech set data\YAF_disgust\YAF_thumb_disgust.wav,thumb,disgust
data/raw/TESS Toronto emotional speech set data\YAF_disgust\YAF_time_disgust.wav,time,disgust
data/raw/TESS Toronto emotional speech set data\YAF_disgust\YAF_tip_disgust.wav,tip,disgust
data/raw/TESS Toronto emotional speech set data\YAF_disgust\YAF_tire_disgust.wav,tire,disgust
data/raw/TESS Toronto emotional speech set data\YAF_disgust\YAF_ton_disgust.wav,ton,disgust
data/raw/TESS Toronto emotional speech set data\YAF_disgust\YAF_tool_disgust.wav,tool,disgust
data/raw/TESS Toronto emotional speech set data\YAF_disgust\YAF_tough_disgust.wav,tough,disgust
data/raw/TESS Toronto emotional speech set data\YAF_disgust\YAF_turn_disgust.wav,turn,disgust
data/raw/TESS Toronto emotional speech set data\YAF_disgust\YAF_vine_disgust.wav,vine,disgust
data/raw/TESS Toronto emotional speech set data\YAF_disgust\YAF_voice_disgust.wav,voice,disgust
data/raw/TESS Toronto emotional speech set data\YAF_disgust\YAF_void_disgust.wav,void,disgust
data/raw/TESS Toronto emotional speech set data\YAF_disgust\YAF_vote_disgust.wav,vote,disgust
data/raw/TESS Toronto emotional speech set data\YAF_disgust\YAF_wag_disgust.wav,wag,disgust
data/raw/TESS Toronto emotional speech set data\YAF_disgust\YAF_walk_disgust.wav,walk,disgust
data/raw/TESS Toronto emotional speech set data\YAF_disgust\YAF_wash_disgust.wav,wash,disgust
data/raw/TESS Toronto emotional speech set data\YAF_disgust\YAF_week_disgust.wav,week,disgust
data/raw/TESS Toronto emotional speech set data\YAF_disgust\YAF_wheat_disgust.wav,wheat,disgust
data/raw/TESS Toronto emotional speech set data\YAF_disgust\YAF_when_disgust.wav,when,disgust
data/raw/TESS Toronto emotional speech set data\YAF_disgust\YAF_which_disgust.wav,which,disgust
data/raw/TESS Toronto emotional speech set data\YAF_disgust\YAF_whip_disgust.wav,whip,disgust
data/raw/TESS Toronto emotional speech set data\YAF_disgust\YAF_white_disgust.wav,white,disgust
data/raw/TESS Toronto emotional speech set data\YAF_disgust\YAF_wife_disgust.wav,wife,disgust
data/raw/TESS Toronto emotional speech set data\YAF_disgust\YAF_wire_disgust.wav,wire,disgust
data/raw/TESS Toronto emotional speech set data\YAF_disgust\YAF_witch_disgust.wav,witch,disgust
data/raw/TESS Toronto emotional speech set data\YAF_disgust\YAF_yearn_disgust.wav,yearn,disgust
data/raw/TESS Toronto emotional speech set data\YAF_disgust\YAF_yes_disgust.wav,yes,disgust
data/raw/TESS Toronto emotional speech set data\YAF_disgust\YAF_young_disgust.wav,young,disgust
data/raw/TESS Toronto emotional speech set data\YAF_disgust\YAF_youth_disgust.wav,youth,disgust
data/raw/TESS Toronto emotional speech set data\YAF_fear\YAF_back_fear.wav,back,fear
data/raw/TESS Toronto emotional speech set data\YAF_fear\YAF_bar_fear.wav,bar,fear
data/raw/TESS Toronto emotional speech set data\YAF_fear\YAF_base_fear.wav,base,fear
data/raw/TESS Toronto emotional speech set data\YAF_fear\YAF_bath_fear.wav,bath,fear
data/raw/TESS Toronto emotional speech set data\YAF_fear\YAF_bean_fear.wav,bean,fear
data/raw/TESS Toronto emotional speech set data\YAF_fear\YAF_beg_fear.wav,beg,fear
data/raw/TESS Toronto emotional speech set data\YAF_fear\YAF_bite_fear.wav,bite,fear
data/raw/TESS Toronto emotional speech set data\YAF_fear\YAF_boat_fear.wav,boat,fear
data/raw/TESS Toronto emotional speech set data\YAF_fear\YAF_bone_fear.wav,bone,fear
data/raw/TESS Toronto emotional speech set data\YAF_fear\YAF_book_fear.wav,book,fear
data/raw/TESS Toronto emotional speech set data\YAF_fear\YAF_bought_fear.wav,bought,fear
data/raw/TESS Toronto emotional speech set data\YAF_fear\YAF_burn_fear.wav,burn,fear
data/raw/TESS Toronto emotional speech set data\YAF_fear\YAF_cab_fear.wav,cab,fear
data/raw/TESS Toronto emotional speech set data\YAF_fear\YAF_calm_fear.wav,calm,fear
data/raw/TESS Toronto emotional speech set data\YAF_fear\YAF_came_fear.wav,came,fear
data/raw/TESS Toronto emotional speech set data\YAF_fear\YAF_cause_fear.wav,cause,fear
data/raw/TESS Toronto emotional speech set data\YAF_fear\YAF_chain_fear.wav,chain,fear
data/raw/TESS Toronto emotional speech set data\YAF_fear\YAF_chair_fear.wav,chair,fear
data/raw/TESS Toronto emotional speech set data\YAF_fear\YAF_chalk_fear.wav,chalk,fear
data/raw/TESS Toronto emotional speech set data\YAF_fear\YAF_chat_fear.wav,chat,fear
data/raw/TESS Toronto emotional speech set data\YAF_fear\YAF_check_fear.wav,check,fear
data/raw/TESS Toronto emotional speech set data\YAF_fear\YAF_cheek_fear.wav,cheek,fear
data/raw/TESS Toronto emotional speech set data\YAF_fear\YAF_chief_fear.wav,chief,fear
data/raw/TESS Toronto emotional speech set data\YAF_fear\YAF_choice_fear.wav,choice,fear
data/raw/TESS Toronto emotional speech set data\YAF_fear\YAF_cool_fear.wav,cool,fear
data/raw/TESS Toronto emotional speech set data\YAF_fear\YAF_dab_fear.wav,dab,fear
data/raw/TESS Toronto emotional speech set data\YAF_fear\YAF_date_fear.wav,date,fear
data/raw/TESS Toronto emotional speech set data\YAF_fear\YAF_dead_fear.wav,dead,fear
data/raw/TESS Toronto emotional speech set data\YAF_fear\YAF_death_fear.wav,death,fear
data/raw/TESS Toronto emotional speech set data\YAF_fear\YAF_deep_fear.wav,deep,fear
data/raw/TESS Toronto emotional speech set data\YAF_fear\YAF_dime_fear.wav,dime,fear
data/raw/TESS Toronto emotional speech set data\YAF_fear\YAF_dip_fear.wav,dip,fear
data/raw/TESS Toronto emotional speech set data\YAF_fear\YAF_ditch_fear.wav,ditch,fear
data/raw/TESS Toronto emotional speech set data\YAF_fear\YAF_dodge_fear.wav,dodge,fear
data/raw/TESS Toronto emotional speech set data\YAF_fear\YAF_dog_fear.wav,dog,fear
data/raw/TESS Toronto emotional speech set data\YAF_fear\YAF_doll_fear.wav,doll,fear
data/raw/TESS Toronto emotional speech set data\YAF_fear\YAF_door_fear.wav,door,fear
data/raw/TESS Toronto emotional speech set data\YAF_fear\YAF_fail_fear.wav,fail,fear
data/raw/TESS Toronto emotional speech set data\YAF_fear\YAF_fall_fear.wav,fall,fear
data/raw/TESS Toronto emotional speech set data\YAF_fear\YAF_far_fear.wav,far,fear
data/raw/TESS Toronto emotional speech set data\YAF_fear\YAF_fat_fear.wav,fat,fear
data/raw/TESS Toronto emotional speech set data\YAF_fear\YAF_fit_fear.wav,fit,fear
data/raw/TESS Toronto emotional speech set data\YAF_fear\YAF_five_fear.wav,five,fear
data/raw/TESS Toronto emotional speech set data\YAF_fear\YAF_food_fear.wav,food,fear
data/raw/TESS Toronto emotional speech set data\YAF_fear\YAF_gap_fear.wav,gap,fear
data/raw/TESS Toronto emotional speech set data\YAF_fear\YAF_gas_fear.wav,gas,fear
data/raw/TESS Toronto emotional speech set data\YAF_fear\YAF_gaze_fear.wav,gaze,fear
data/raw/TESS Toronto emotional speech set data\YAF_fear\YAF_germ_fear.wav,germ,fear
data/raw/TESS Toronto emotional speech set data\YAF_fear\YAF_get_fear.wav,get,fear
data/raw/TESS Toronto emotional speech set data\YAF_fear\YAF_gin_fear.wav,gin,fear
data/raw/TESS Toronto emotional speech set data\YAF_fear\YAF_goal_fear.wav,goal,fear
data/raw/TESS Toronto emotional speech set data\YAF_fear\YAF_good_fear.wav,good,fear
data/raw/TESS Toronto emotional speech set data\YAF_fear\YAF_goose_fear.wav,goose,fear
data/raw/TESS Toronto emotional speech set data\YAF_fear\YAF_gun_fear.wav,gun,fear
data/raw/TESS Toronto emotional speech set data\YAF_fear\YAF_half_fear.wav,half,fear
data/raw/TESS Toronto emotional speech set data\YAF_fear\YAF_hall_fear.wav,hall,fear
data/raw/TESS Toronto emotional speech set data\YAF_fear\YAF_hash_fear.wav,hash,fear
data/raw/TESS Toronto emotional speech set data\YAF_fear\YAF_hate_fear.wav,hate,fear
data/raw/TESS Toronto emotional speech set data\YAF_fear\YAF_have_fear.wav,have,fear
data/raw/TESS Toronto emotional speech set data\YAF_fear\YAF_haze_fear.wav,haze,fear
data/raw/TESS Toronto emotional speech set data\YAF_fear\YAF_hire_fear.wav,hire,fear
data/raw/TESS Toronto emotional speech set data\YAF_fear\YAF_hit_fear.wav,hit,fear
data/raw/TESS Toronto emotional speech set data\YAF_fear\YAF_hole_fear.wav,hole,fear
data/raw/TESS Toronto emotional speech set data\YAF_fear\YAF_home_fear.wav,home,fear
data/raw/TESS Toronto emotional speech set data\YAF_fear\YAF_hurl_fear.wav,hurl,fear
data/raw/TESS Toronto emotional speech set data\YAF_fear\YAF_hush_fear.wav,hush,fear
data/raw/TESS Toronto emotional speech set data\YAF_fear\YAF_jail_fear.wav,jail,fear
data/raw/TESS Toronto emotional speech set data\YAF_fear\YAF_jar_fear.wav,jar,fear
data/raw/TESS Toronto emotional speech set data\YAF_fear\YAF_join_fear.wav,join,fear
data/raw/TESS Toronto emotional speech set data\YAF_fear\YAF_judge_fear.wav,judge,fear
data/raw/TESS Toronto emotional speech set data\YAF_fear\YAF_jug_fear.wav,jug,fear
data/raw/TESS Toronto emotional speech set data\YAF_fear\YAF_juice_fear.wav,juice,fear
data/raw/TESS Toronto emotional speech set data\YAF_fear\YAF_keen_fear.wav,keen,fear
data/raw/TESS Toronto emotional speech set data\YAF_fear\YAF_keep_fear.wav,keep,fear
data/raw/TESS Toronto emotional speech set data\YAF_fear\YAF_keg_fear.wav,keg,fear
data/raw/TESS Toronto emotional speech set data\YAF_fear\YAF_kick_fear.wav,kick,fear
data/raw/TESS Toronto emotional speech set data\YAF_fear\YAF_kill_fear.wav,kill,fear
data/raw/TESS Toronto emotional speech set data\YAF_fear\YAF_king_fear.wav,king,fear
data/raw/TESS Toronto emotional speech set data\YAF_fear\YAF_kite_fear.wav,kite,fear
data/raw/TESS Toronto emotional speech set data\YAF_fear\YAF_knock_fear.wav,knock,fear
data/raw/TESS Toronto emotional speech set data\YAF_fear\YAF_late_fear.wav,late,fear
data/raw/TESS Toronto emotional speech set data\YAF_fear\YAF_laud_fear.wav,laud,fear
data/raw/TESS Toronto emotional speech set data\YAF_fear\YAF_lean_fear.wav,lean,fear
data/raw/TESS Toronto emotional speech set data\YAF_fear\YAF_learn_fear.wav,learn,fear
data/raw/TESS Toronto emotional speech set data\YAF_fear\YAF_lease_fear.wav,lease,fear
data/raw/TESS Toronto emotional speech set data\YAF_fear\YAF_lid_fear.wav,lid,fear
data/raw/TESS Toronto emotional speech set data\YAF_fear\YAF_life_fear.wav,life,fear
data/raw/TESS Toronto emotional speech set data\YAF_fear\YAF_limb_fear.wav,limb,fear
data/raw/TESS Toronto emotional speech set data\YAF_fear\YAF_live_fear.wav,live,fear
data/raw/TESS Toronto emotional speech set data\YAF_fear\YAF_loaf_fear.wav,loaf,fear
data/raw/TESS Toronto emotional speech set data\YAF_fear\YAF_long_fear.wav,long,fear
data/raw/TESS Toronto emotional speech set data\YAF_fear\YAF_lore_fear.wav,lore,fear
data/raw/TESS Toronto emotional speech set data\YAF_fear\YAF_lose_fear.wav,lose,fear
data/raw/TESS Toronto emotional speech set data\YAF_fear\YAF_lot_fear.wav,lot,fear
data/raw/TESS Toronto emotional speech set data\YAF_fear\YAF_love_fear.wav,love,fear
data/raw/TESS Toronto emotional speech set data\YAF_fear\YAF_luck_fear.wav,luck,fear
data/raw/TESS Toronto emotional speech set data\YAF_fear\YAF_make_fear.wav,make,fear
data/raw/TESS Toronto emotional speech set data\YAF_fear\YAF_match_fear.wav,match,fear
data/raw/TESS Toronto emotional speech set data\YAF_fear\YAF_merge_fear.wav,merge,fear
data/raw/TESS Toronto emotional speech set data\YAF_fear\YAF_mess_fear.wav,mess,fear
data/raw/TESS Toronto emotional speech set data\YAF_fear\YAF_met_fear.wav,met,fear
data/raw/TESS Toronto emotional speech set data\YAF_fear\YAF_mill_fear.wav,mill,fear
data/raw/TESS Toronto emotional speech set data\YAF_fear\YAF_mob_fear.wav,mob,fear
data/raw/TESS Toronto emotional speech set data\YAF_fear\YAF_mode_fear.wav,mode,fear
data/raw/TESS Toronto emotional speech set data\YAF_fear\YAF_mood_fear.wav,mood,fear
data/raw/TESS Toronto emotional speech set data\YAF_fear\YAF_moon_fear.wav,moon,fear
data/raw/TESS Toronto emotional speech set data\YAF_fear\YAF_mop_fear.wav,mop,fear
data/raw/TESS Toronto emotional speech set data\YAF_fear\YAF_mouse_fear.wav,mouse,fear
data/raw/TESS Toronto emotional speech set data\YAF_fear\YAF_nag_fear.wav,nag,fear
data/raw/TESS Toronto emotional speech set data\YAF_fear\YAF_name_fear.wav,name,fear
data/raw/TESS Toronto emotional speech set data\YAF_fear\YAF_near_fear.wav,near,fear
data/raw/TESS Toronto emotional speech set data\YAF_fear\YAF_neat_fear.wav,neat,fear
data/raw/TESS Toronto emotional speech set data\YAF_fear\YAF_nice_fear.wav,nice,fear
data/raw/TESS Toronto emotional speech set data\YAF_fear\YAF_note_fear.wav,note,fear
data/raw/TESS Toronto emotional speech set data\YAF_fear\YAF_numb_fear.wav,numb,fear
data/raw/TESS Toronto emotional speech set data\YAF_fear\YAF_pad_fear.wav,pad,fear
data/raw/TESS Toronto emotional speech set data\YAF_fear\YAF_page_fear.wav,page,fear
data/raw/TESS Toronto emotional speech set data\YAF_fear\YAF_pain_fear.wav,pain,fear
data/raw/TESS Toronto emotional speech set data\YAF_fear\YAF_pass_fear.wav,pass,fear
data/raw/TESS Toronto emotional speech set data\YAF_fear\YAF_pearl_fear.wav,pearl,fear
data/raw/TESS Toronto emotional speech set data\YAF_fear\YAF_peg_fear.wav,peg,fear
data/raw/TESS Toronto emotional speech set data\YAF_fear\YAF_perch_fear.wav,perch,fear
data/raw/TESS Toronto emotional speech set data\YAF_fear\YAF_phone_fear.wav,phone,fear
data/raw/TESS Toronto emotional speech set data\YAF_fear\YAF_pick_fear.wav,pick,fear
data/raw/TESS Toronto emotional speech set data\YAF_fear\YAF_pike_fear.wav,pike,fear
data/raw/TESS Toronto emotional speech set data\YAF_fear\YAF_pole_fear.wav,pole,fear
data/raw/TESS Toronto emotional speech set data\YAF_fear\YAF_pool_fear.wav,pool,fear
data/raw/TESS Toronto emotional speech set data\YAF_fear\YAF_puff_fear.wav,puff,fear
data/raw/TESS Toronto emotional speech set data\YAF_fear\YAF_rag_fear.wav,rag,fear
data/raw/TESS Toronto emotional speech set data\YAF_fear\YAF_raid_fear.wav,raid,fear
data/raw/TESS Toronto emotional speech set data\YAF_fear\YAF_rain_fear.wav,rain,fear
data/raw/TESS Toronto emotional speech set data\YAF_fear\YAF_raise_fear.wav,raise,fear
data/raw/TESS Toronto emotional speech set data\YAF_fear\YAF_rat_fear.wav,rat,fear
data/raw/TESS Toronto emotional speech set data\YAF_fear\YAF_reach_fear.wav,reach,fear
data/raw/TESS Toronto emotional speech set data\YAF_fear\YAF_read_fear.wav,read,fear
data/raw/TESS Toronto emotional speech set data\YAF_fear\YAF_red_fear.wav,red,fear
data/raw/TESS Toronto emotional speech set data\YAF_fear\YAF_ring_fear.wav,ring,fear
data/raw/TESS Toronto emotional speech set data\YAF_fear\YAF_ripe_fear.wav,ripe,fear
data/raw/TESS Toronto emotional speech set data\YAF_fear\YAF_road_fear.wav,road,fear
data/raw/TESS Toronto emotional speech set data\YAF_fear\YAF_room_fear.wav,room,fear
data/raw/TESS Toronto emotional speech set data\YAF_fear\YAF_rose_fear.wav,rose,fear
data/raw/TESS Toronto emotional speech set data\YAF_fear\YAF_rot_fear.wav,rot,fear
data/raw/TESS Toronto emotional speech set data\YAF_fear\YAF_rough_fear.wav,rough,fear
data/raw/TESS Toronto emotional speech set data\YAF_fear\YAF_rush_fear.wav,rush,fear
data/raw/TESS Toronto emotional speech set data\YAF_fear\YAF_said_fear.wav,said,fear
data/raw/TESS Toronto emotional speech set data\YAF_fear\YAF_sail_fear.wav,sail,fear
data/raw/TESS Toronto emotional speech set data\YAF_fear\YAF_search_fear.wav,search,fear
data/raw/TESS Toronto emotional speech set data\YAF_fear\YAF_seize_fear.wav,seize,fear
data/raw/TESS Toronto emotional speech set data\YAF_fear\YAF_sell_fear.wav,sell,fear
data/raw/TESS Toronto emotional speech set data\YAF_fear\YAF_shack_fear.wav,shack,fear
data/raw/TESS Toronto emotional speech set data\YAF_fear\YAF_shall_fear.wav,shall,fear
data/raw/TESS Toronto emotional speech set data\YAF_fear\YAF_shawl_fear.wav,shawl,fear
data/raw/TESS Toronto emotional speech set data\YAF_fear\YAF_sheep_fear.wav,sheep,fear
data/raw/TESS Toronto emotional speech set data\YAF_fear\YAF_shirt_fear.wav,shirt,fear
data/raw/TESS Toronto emotional speech set data\YAF_fear\YAF_should_fear.wav,should,fear
data/raw/TESS Toronto emotional speech set data\YAF_fear\YAF_shout_fear.wav,shout,fear
data/raw/TESS Toronto emotional speech set data\YAF_fear\YAF_size_fear.wav,size,fear
data/raw/TESS Toronto emotional speech set data\YAF_fear\YAF_soap_fear.wav,soap,fear
data/raw/TESS Toronto emotional speech set data\YAF_fear\YAF_soup_fear.wav,soup,fear
data/raw/TESS Toronto emotional speech set data\YAF_fear\YAF_sour_fear.wav,sour,fear
data/raw/TESS Toronto emotional speech set data\YAF_fear\YAF_south_fear.wav,south,fear
data/raw/TESS Toronto emotional speech set data\YAF_fear\YAF_sub_fear.wav,sub,fear
data/raw/TESS Toronto emotional speech set data\YAF_fear\YAF_such_fear.wav,such,fear
data/raw/TESS Toronto emotional speech set data\YAF_fear\YAF_sure_fear.wav,sure,fear
data/raw/TESS Toronto emotional speech set data\YAF_fear\YAF_take_fear.wav,take,fear
data/raw/TESS Toronto emotional speech set data\YAF_fear\YAF_talk_fear.wav,talk,fear
data/raw/TESS Toronto emotional speech set data\YAF_fear\YAF_tape_fear.wav,tape,fear
data/raw/TESS Toronto emotional speech set data\YAF_fear\YAF_team_fear.wav,team,fear
data/raw/TESS Toronto emotional speech set data\YAF_fear\YAF_tell_fear.wav,tell,fear
data/raw/TESS Toronto emotional speech set data\YAF_fear\YAF_thin_fear.wav,thin,fear
data/raw/TESS Toronto emotional speech set data\YAF_fear\YAF_third_fear.wav,third,fear
data/raw/TESS Toronto emotional speech set data\YAF_fear\YAF_thought_fear.wav,thought,fear
data/raw/TESS Toronto emotional speech set data\YAF_fear\YAF_thumb_fear.wav,thumb,fear
data/raw/TESS Toronto emotional speech set data\YAF_fear\YAF_time_fear.wav,time,fear
data/raw/TESS Toronto emotional speech set data\YAF_fear\YAF_tip_fear.wav,tip,fear
data/raw/TESS Toronto emotional speech set data\YAF_fear\YAF_tire_fear.wav,tire,fear
data/raw/TESS Toronto emotional speech set data\YAF_fear\YAF_ton_fear.wav,ton,fear
data/raw/TESS Toronto emotional speech set data\YAF_fear\YAF_tool_fear.wav,tool,fear
data/raw/TESS Toronto emotional speech set data\YAF_fear\YAF_tough_fear.wav,tough,fear
data/raw/TESS Toronto emotional speech set data\YAF_fear\YAF_turn_fear.wav,turn,fear
data/raw/TESS Toronto emotional speech set data\YAF_fear\YAF_vine_fear.wav,vine,fear
data/raw/TESS Toronto emotional speech set data\YAF_fear\YAF_voice_fear.wav,voice,fear
data/raw/TESS Toronto emotional speech set data\YAF_fear\YAF_void_fear.wav,void,fear
data/raw/TESS Toronto emotional speech set data\YAF_fear\YAF_vote_fear.wav,vote,fear
data/raw/TESS Toronto emotional speech set data\YAF_fear\YAF_wag_fear.wav,wag,fear
data/raw/TESS Toronto emotional speech set data\YAF_fear\YAF_walk_fear.wav,walk,fear
data/raw/TESS Toronto emotional speech set data\YAF_fear\YAF_wash_fear.wav,wash,fear
data/raw/TESS Toronto emotional speech set data\YAF_fear\YAF_week_fear.wav,week,fear
data/raw/TESS Toronto emotional speech set data\YAF_fear\YAF_wheat_fear.wav,wheat,fear
data/raw/TESS Toronto emotional speech set data\YAF_fear\YAF_when_fear.wav,when,fear
data/raw/TESS Toronto emotional speech set data\YAF_fear\YAF_which_fear.wav,which,fear
data/raw/TESS Toronto emotional speech set data\YAF_fear\YAF_whip_fear.wav,whip,fear
data/raw/TESS Toronto emotional speech set data\YAF_fear\YAF_white_fear.wav,white,fear
data/raw/TESS Toronto emotional speech set data\YAF_fear\YAF_wife_fear.wav,wife,fear
data/raw/TESS Toronto emotional speech set data\YAF_fear\YAF_wire_fear.wav,wire,fear
data/raw/TESS Toronto emotional speech set data\YAF_fear\YAF_witch_fear.wav,witch,fear
data/raw/TESS Toronto emotional speech set data\YAF_fear\YAF_yearn_fear.wav,yearn,fear
data/raw/TESS Toronto emotional speech set data\YAF_fear\YAF_yes_fear.wav,yes,fear
data/raw/TESS Toronto emotional speech set data\YAF_fear\YAF_young_fear.wav,young,fear
data/raw/TESS Toronto emotional speech set data\YAF_fear\YAF_youth_fear.wav,youth,fear
data/raw/TESS Toronto emotional speech set data\YAF_happy\YAF_back_happy.wav,back,happy
data/raw/TESS Toronto emotional speech set data\YAF_happy\YAF_bar_happy.wav,bar,happy
data/raw/TESS Toronto emotional speech set data\YAF_happy\YAF_base_happy.wav,base,happy
data/raw/TESS Toronto emotional speech set data\YAF_happy\YAF_bath_happy.wav,bath,happy
data/raw/TESS Toronto emotional speech set data\YAF_happy\YAF_bean_happy.wav,bean,happy
data/raw/TESS Toronto emotional speech set data\YAF_happy\YAF_beg_happy.wav,beg,happy
data/raw/TESS Toronto emotional speech set data\YAF_happy\YAF_bite_happy.wav,bite,happy
data/raw/TESS Toronto emotional speech set data\YAF_happy\YAF_boat_happy.wav,boat,happy
data/raw/TESS Toronto emotional speech set data\YAF_happy\YAF_bone_happy.wav,bone,happy
data/raw/TESS Toronto emotional speech set data\YAF_happy\YAF_book_happy.wav,book,happy
data/raw/TESS Toronto emotional speech set data\YAF_happy\YAF_bought_happy.wav,bought,happy
data/raw/TESS Toronto emotional speech set data\YAF_happy\YAF_burn_happy.wav,burn,happy
data/raw/TESS Toronto emotional speech set data\YAF_happy\YAF_cab_happy.wav,cab,happy
data/raw/TESS Toronto emotional speech set data\YAF_happy\YAF_calm_happy.wav,calm,happy
data/raw/TESS Toronto emotional speech set data\YAF_happy\YAF_came_happy.wav,came,happy
data/raw/TESS Toronto emotional speech set data\YAF_happy\YAF_cause_happy.wav,cause,happy
data/raw/TESS Toronto emotional speech set data\YAF_happy\YAF_chain_happy.wav,chain,happy
data/raw/TESS Toronto emotional speech set data\YAF_happy\YAF_chair_happy.wav,chair,happy
data/raw/TESS Toronto emotional speech set data\YAF_happy\YAF_chalk_happy.wav,chalk,happy
data/raw/TESS Toronto emotional speech set data\YAF_happy\YAF_chat_happy.wav,chat,happy
data/raw/TESS Toronto emotional speech set data\YAF_happy\YAF_check_happy.wav,check,happy
data/raw/TESS Toronto emotional speech set data\YAF_happy\YAF_cheek_happy.wav,cheek,happy
data/raw/TESS Toronto emotional speech set data\YAF_happy\YAF_chief_happy.wav,chief,happy
data/raw/TESS Toronto emotional speech set data\YAF_happy\YAF_choice_happy.wav,choice,happy
data/raw/TESS Toronto emotional speech set data\YAF_happy\YAF_cool_happy.wav,cool,happy
data/raw/TESS Toronto emotional speech set data\YAF_happy\YAF_dab_happy.wav,dab,happy
data/raw/TESS Toronto emotional speech set data\YAF_happy\YAF_date_happy.wav,date,happy
data/raw/TESS Toronto emotional speech set data\YAF_happy\YAF_dead_happy.wav,dead,happy
data/raw/TESS Toronto emotional speech set data\YAF_happy\YAF_death_happy.wav,death,happy
data/raw/TESS Toronto emotional speech set data\YAF_happy\YAF_deep_happy.wav,deep,happy
data/raw/TESS Toronto emotional speech set data\YAF_happy\YAF_dime_happy.wav,dime,happy
data/raw/TESS Toronto emotional speech set data\YAF_happy\YAF_dip_happy.wav,dip,happy
data/raw/TESS Toronto emotional speech set data\YAF_happy\YAF_ditch_happy.wav,ditch,happy
data/raw/TESS Toronto emotional speech set data\YAF_happy\YAF_dodge_happy.wav,dodge,happy
data/raw/TESS Toronto emotional speech set data\YAF_happy\YAF_dog_happy.wav,dog,happy
data/raw/TESS Toronto emotional speech set data\YAF_happy\YAF_doll_happy.wav,doll,happy
data/raw/TESS Toronto emotional speech set data\YAF_happy\YAF_door_happy.wav,door,happy
data/raw/TESS Toronto emotional speech set data\YAF_happy\YAF_fail_happy.wav,fail,happy
data/raw/TESS Toronto emotional speech set data\YAF_happy\YAF_fall_happy.wav,fall,happy
data/raw/TESS Toronto emotional speech set data\YAF_happy\YAF_far_happy.wav,far,happy
data/raw/TESS Toronto emotional speech set data\YAF_happy\YAF_fat_happy.wav,fat,happy
data/raw/TESS Toronto emotional speech set data\YAF_happy\YAF_fit_happy.wav,fit,happy
data/raw/TESS Toronto emotional speech set data\YAF_happy\YAF_five_happy.wav,five,happy
data/raw/TESS Toronto emotional speech set data\YAF_happy\YAF_food_happy.wav,food,happy
data/raw/TESS Toronto emotional speech set data\YAF_happy\YAF_gap_happy.wav,gap,happy
data/raw/TESS Toronto emotional speech set data\YAF_happy\YAF_gas_happy.wav,gas,happy
data/raw/TESS Toronto emotional speech set data\YAF_happy\YAF_gaze_happy.wav,gaze,happy
data/raw/TESS Toronto emotional speech set data\YAF_happy\YAF_germ_happy.wav,germ,happy
data/raw/TESS Toronto emotional speech set data\YAF_happy\YAF_get_happy.wav,get,happy
data/raw/TESS Toronto emotional speech set data\YAF_happy\YAF_gin_happy.wav,gin,happy
data/raw/TESS Toronto emotional speech set data\YAF_happy\YAF_goal_happy.wav,goal,happy
data/raw/TESS Toronto emotional speech set data\YAF_happy\YAF_good_happy.wav,good,happy
data/raw/TESS Toronto emotional speech set data\YAF_happy\YAF_goose_happy.wav,goose,happy
data/raw/TESS Toronto emotional speech set data\YAF_happy\YAF_gun_happy.wav,gun,happy
data/raw/TESS Toronto emotional speech set data\YAF_happy\YAF_half_happy.wav,half,happy
data/raw/TESS Toronto emotional speech set data\YAF_happy\YAF_hall_happy.wav,hall,happy
data/raw/TESS Toronto emotional speech set data\YAF_happy\YAF_hash_happy.wav,hash,happy
data/raw/TESS Toronto emotional speech set data\YAF_happy\YAF_hate_happy.wav,hate,happy
data/raw/TESS Toronto emotional speech set data\YAF_happy\YAF_have_happy.wav,have,happy
data/raw/TESS Toronto emotional speech set data\YAF_happy\YAF_haze_happy.wav,haze,happy
data/raw/TESS Toronto emotional speech set data\YAF_happy\YAF_hire_happy.wav,hire,happy
data/raw/TESS Toronto emotional speech set data\YAF_happy\YAF_hit_happy.wav,hit,happy
data/raw/TESS Toronto emotional speech set data\YAF_happy\YAF_hole_happy.wav,hole,happy
data/raw/TESS Toronto emotional speech set data\YAF_happy\YAF_home_happy.wav,home,happy
data/raw/TESS Toronto emotional speech set data\YAF_happy\YAF_hurl_happy.wav,hurl,happy
data/raw/TESS Toronto emotional speech set data\YAF_happy\YAF_hush_happy.wav,hush,happy
data/raw/TESS Toronto emotional speech set data\YAF_happy\YAF_jail_happy.wav,jail,happy
data/raw/TESS Toronto emotional speech set data\YAF_happy\YAF_jar_happy.wav,jar,happy
data/raw/TESS Toronto emotional speech set data\YAF_happy\YAF_join_happy.wav,join,happy
data/raw/TESS Toronto emotional speech set data\YAF_happy\YAF_judge_happy.wav,judge,happy
data/raw/TESS Toronto emotional speech set data\YAF_happy\YAF_jug_happy.wav,jug,happy
data/raw/TESS Toronto emotional speech set data\YAF_happy\YAF_juice_happy.wav,juice,happy
data/raw/TESS Toronto emotional speech set data\YAF_happy\YAF_keen_happy.wav,keen,happy
data/raw/TESS Toronto emotional speech set data\YAF_happy\YAF_keep_happy.wav,keep,happy
data/raw/TESS Toronto emotional speech set data\YAF_happy\YAF_keg_happy.wav,keg,happy
data/raw/TESS Toronto emotional speech set data\YAF_happy\YAF_kick_happy.wav,kick,happy
data/raw/TESS Toronto emotional speech set data\YAF_happy\YAF_kill_happy.wav,kill,happy
data/raw/TESS Toronto emotional speech set data\YAF_happy\YAF_king_happy.wav,king,happy
data/raw/TESS Toronto emotional speech set data\YAF_happy\YAF_kite_happy.wav,kite,happy
data/raw/TESS Toronto emotional speech set data\YAF_happy\YAF_knock_happy.wav,knock,happy
data/raw/TESS Toronto emotional speech set data\YAF_happy\YAF_late_happy.wav,late,happy
data/raw/TESS Toronto emotional speech set data\YAF_happy\YAF_laud_happy.wav,laud,happy
data/raw/TESS Toronto emotional speech set data\YAF_happy\YAF_lean_happy.wav,lean,happy
data/raw/TESS Toronto emotional speech set data\YAF_happy\YAF_learn_happy.wav,learn,happy
data/raw/TESS Toronto emotional speech set data\YAF_happy\YAF_lease_happy.wav,lease,happy
data/raw/TESS Toronto emotional speech set data\YAF_happy\YAF_lid_happy.wav,lid,happy
data/raw/TESS Toronto emotional speech set data\YAF_happy\YAF_life_happy.wav,life,happy
data/raw/TESS Toronto emotional speech set data\YAF_happy\YAF_limb_happy.wav,limb,happy
data/raw/TESS Toronto emotional speech set data\YAF_happy\YAF_live_happy.wav,live,happy
data/raw/TESS Toronto emotional speech set data\YAF_happy\YAF_loaf_happy.wav,loaf,happy
data/raw/TESS Toronto emotional speech set data\YAF_happy\YAF_long_happy.wav,long,happy
data/raw/TESS Toronto emotional speech set data\YAF_happy\YAF_lore_happy.wav,lore,happy
data/raw/TESS Toronto emotional speech set data\YAF_happy\YAF_lose_happy.wav,lose,happy
data/raw/TESS Toronto emotional speech set data\YAF_happy\YAF_lot_happy.wav,lot,happy
data/raw/TESS Toronto emotional speech set data\YAF_happy\YAF_love_happy.wav,love,happy
data/raw/TESS Toronto emotional speech set data\YAF_happy\YAF_luck_happy.wav,luck,happy
data/raw/TESS Toronto emotional speech set data\YAF_happy\YAF_make_happy.wav,make,happy
data/raw/TESS Toronto emotional speech set data\YAF_happy\YAF_match_happy.wav,match,happy
data/raw/TESS Toronto emotional speech set data\YAF_happy\YAF_merge_happy.wav,merge,happy
data/raw/TESS Toronto emotional speech set data\YAF_happy\YAF_mess_happy.wav,mess,happy
data/raw/TESS Toronto emotional speech set data\YAF_happy\YAF_met_happy.wav,met,happy
data/raw/TESS Toronto emotional speech set data\YAF_happy\YAF_mill_happy.wav,mill,happy
data/raw/TESS Toronto emotional speech set data\YAF_happy\YAF_mob_happy.wav,mob,happy
data/raw/TESS Toronto emotional speech set data\YAF_happy\YAF_mode_happy.wav,mode,happy
data/raw/TESS Toronto emotional speech set data\YAF_happy\YAF_mood_happy.wav,mood,happy
data/raw/TESS Toronto emotional speech set data\YAF_happy\YAF_moon_happy.wav,moon,happy
data/raw/TESS Toronto emotional speech set data\YAF_happy\YAF_mop_happy.wav,mop,happy
data/raw/TESS Toronto emotional speech set data\YAF_happy\YAF_mouse_happy.wav,mouse,happy
data/raw/TESS Toronto emotional speech set data\YAF_happy\YAF_nag_happy.wav,nag,happy
data/raw/TESS Toronto emotional speech set data\YAF_happy\YAF_name_happy.wav,name,happy
data/raw/TESS Toronto emotional speech set data\YAF_happy\YAF_near_happy.wav,near,happy
data/raw/TESS Toronto emotional speech set data\YAF_happy\YAF_neat_happy.wav,neat,happy
data/raw/TESS Toronto emotional speech set data\YAF_happy\YAF_nice_happy.wav,nice,happy
data/raw/TESS Toronto emotional speech set data\YAF_happy\YAF_note_happy.wav,note,happy
data/raw/TESS Toronto emotional speech set data\YAF_happy\YAF_numb_happy.wav,numb,happy
data/raw/TESS Toronto emotional speech set data\YAF_happy\YAF_pad_happy.wav,pad,happy
data/raw/TESS Toronto emotional speech set data\YAF_happy\YAF_page_happy.wav,page,happy
data/raw/TESS Toronto emotional speech set data\YAF_happy\YAF_pain_happy.wav,pain,happy
data/raw/TESS Toronto emotional speech set data\YAF_happy\YAF_pass_happy.wav,pass,happy
data/raw/TESS Toronto emotional speech set data\YAF_happy\YAF_pearl_happy.wav,pearl,happy
data/raw/TESS Toronto emotional speech set data\YAF_happy\YAF_peg_happy.wav,peg,happy
data/raw/TESS Toronto emotional speech set data\YAF_happy\YAF_perch_happy.wav,perch,happy
data/raw/TESS Toronto emotional speech set data\YAF_happy\YAF_phone_happy.wav,phone,happy
data/raw/TESS Toronto emotional speech set data\YAF_happy\YAF_pick_happy.wav,pick,happy
data/raw/TESS Toronto emotional speech set data\YAF_happy\YAF_pike_happy.wav,pike,happy
data/raw/TESS Toronto emotional speech set data\YAF_happy\YAF_pole_happy.wav,pole,happy
data/raw/TESS Toronto emotional speech set data\YAF_happy\YAF_pool_happy.wav,pool,happy
data/raw/TESS Toronto emotional speech set data\YAF_happy\YAF_puff_happy.wav,puff,happy
data/raw/TESS Toronto emotional speech set data\YAF_happy\YAF_rag_happy.wav,rag,happy
data/raw/TESS Toronto emotional speech set data\YAF_happy\YAF_raid_happy.wav,raid,happy
data/raw/TESS Toronto emotional speech set data\YAF_happy\YAF_rain_happy.wav,rain,happy
data/raw/TESS Toronto emotional speech set data\YAF_happy\YAF_raise_happy.wav,raise,happy
data/raw/TESS Toronto emotional speech set data\YAF_happy\YAF_rat_happy.wav,rat,happy
data/raw/TESS Toronto emotional speech set data\YAF_happy\YAF_reach_happy.wav,reach,happy
data/raw/TESS Toronto emotional speech set data\YAF_happy\YAF_read_happy.wav,read,happy
data/raw/TESS Toronto emotional speech set data\YAF_happy\YAF_red_happy.wav,red,happy
data/raw/TESS Toronto emotional speech set data\YAF_happy\YAF_ring_happy.wav,ring,happy
data/raw/TESS Toronto emotional speech set data\YAF_happy\YAF_ripe_happy.wav,ripe,happy
data/raw/TESS Toronto emotional speech set data\YAF_happy\YAF_road_happy.wav,road,happy
data/raw/TESS Toronto emotional speech set data\YAF_happy\YAF_room_happy.wav,room,happy
data/raw/TESS Toronto emotional speech set data\YAF_happy\YAF_rose_happy.wav,rose,happy
data/raw/TESS Toronto emotional speech set data\YAF_happy\YAF_rot_happy.wav,rot,happy
data/raw/TESS Toronto emotional speech set data\YAF_happy\YAF_rough_happy.wav,rough,happy
data/raw/TESS Toronto emotional speech set data\YAF_happy\YAF_rush_happy.wav,rush,happy
data/raw/TESS Toronto emotional speech set data\YAF_happy\YAF_said_happy.wav,said,happy
data/raw/TESS Toronto emotional speech set data\YAF_happy\YAF_sail_happy.wav,sail,happy
data/raw/TESS Toronto emotional speech set data\YAF_happy\YAF_search_happy.wav,search,happy
data/raw/TESS Toronto emotional speech set data\YAF_happy\YAF_seize_happy.wav,seize,happy
data/raw/TESS Toronto emotional speech set data\YAF_happy\YAF_sell_happy.wav,sell,happy
data/raw/TESS Toronto emotional speech set data\YAF_happy\YAF_shack_happy.wav,shack,happy
data/raw/TESS Toronto emotional speech set data\YAF_happy\YAF_shall_happy.wav,shall,happy
data/raw/TESS Toronto emotional speech set data\YAF_happy\YAF_shawl_happy.wav,shawl,happy
data/raw/TESS Toronto emotional speech set data\YAF_happy\YAF_sheep_happy.wav,sheep,happy
data/raw/TESS Toronto emotional speech set data\YAF_happy\YAF_shirt_happy.wav,shirt,happy
data/raw/TESS Toronto emotional speech set data\YAF_happy\YAF_should_happy.wav,should,happy
data/raw/TESS Toronto emotional speech set data\YAF_happy\YAF_shout_happy.wav,shout,happy
data/raw/TESS Toronto emotional speech set data\YAF_happy\YAF_size_happy.wav,size,happy
data/raw/TESS Toronto emotional speech set data\YAF_happy\YAF_soap_happy.wav,soap,happy
data/raw/TESS Toronto emotional speech set data\YAF_happy\YAF_soup_happy.wav,soup,happy
data/raw/TESS Toronto emotional speech set data\YAF_happy\YAF_sour_happy.wav,sour,happy
data/raw/TESS Toronto emotional speech set data\YAF_happy\YAF_south_happy.wav,south,happy
data/raw/TESS Toronto emotional speech set data\YAF_happy\YAF_sub_happy.wav,sub,happy
data/raw/TESS Toronto emotional speech set data\YAF_happy\YAF_such_happy.wav,such,happy
data/raw/TESS Toronto emotional speech set data\YAF_happy\YAF_sure_happy.wav,sure,happy
data/raw/TESS Toronto emotional speech set data\YAF_happy\YAF_take_happy.wav,take,happy
data/raw/TESS Toronto emotional speech set data\YAF_happy\YAF_talk_happy.wav,talk,happy
data/raw/TESS Toronto emotional speech set data\YAF_happy\YAF_tape_happy.wav,tape,happy
data/raw/TESS Toronto emotional speech set data\YAF_happy\YAF_team_happy.wav,team,happy
data/raw/TESS Toronto emotional speech set data\YAF_happy\YAF_tell_happy.wav,tell,happy
data/raw/TESS Toronto emotional speech set data\YAF_happy\YAF_thin_happy.wav,thin,happy
data/raw/TESS Toronto emotional speech set data\YAF_happy\YAF_third_happy.wav,third,happy
data/raw/TESS Toronto emotional speech set data\YAF_happy\YAF_thought_happy.wav,thought,happy
data/raw/TESS Toronto emotional speech set data\YAF_happy\YAF_thumb_happy.wav,thumb,happy
data/raw/TESS Toronto emotional speech set data\YAF_happy\YAF_time_happy.wav,time,happy
data/raw/TESS Toronto emotional speech set data\YAF_happy\YAF_tip_happy.wav,tip,happy
data/raw/TESS Toronto emotional speech set data\YAF_happy\YAF_tire_happy.wav,tire,happy
data/raw/TESS Toronto emotional speech set data\YAF_happy\YAF_ton_happy.wav,ton,happy
data/raw/TESS Toronto emotional speech set data\YAF_happy\YAF_tool_happy.wav,tool,happy
data/raw/TESS Toronto emotional speech set data\YAF_happy\YAF_tough_happy.wav,tough,happy
data/raw/TESS Toronto emotional speech set data\YAF_happy\YAF_turn_happy.wav,turn,happy
data/raw/TESS Toronto emotional speech set data\YAF_happy\YAF_vine_happy.wav,vine,happy
data/raw/TESS Toronto emotional speech set data\YAF_happy\YAF_voice_happy.wav,voice,happy
data/raw/TESS Toronto emotional speech set data\YAF_happy\YAF_void_happy.wav,void,happy
data/raw/TESS Toronto emotional speech set data\YAF_happy\YAF_vote_happy.wav,vote,happy
data/raw/TESS Toronto emotional speech set data\YAF_happy\YAF_wag_happy.wav,wag,happy
data/raw/TESS Toronto emotional speech set data\YAF_happy\YAF_walk_happy.wav,walk,happy
data/raw/TESS Toronto emotional speech set data\YAF_happy\YAF_wash_happy.wav,wash,happy
data/raw/TESS Toronto emotional speech set data\YAF_happy\YAF_week_happy.wav,week,happy
data/raw/TESS Toronto emotional speech set data\YAF_happy\YAF_wheat_happy.wav,wheat,happy
data/raw/TESS Toronto emotional speech set data\YAF_happy\YAF_when_happy.wav,when,happy
data/raw/TESS Toronto emotional speech set data\YAF_happy\YAF_which_happy.wav,which,happy
data/raw/TESS Toronto emotional speech set data\YAF_happy\YAF_whip_happy.wav,whip,happy
data/raw/TESS Toronto emotional speech set data\YAF_happy\YAF_white_happy.wav,white,happy
data/raw/TESS Toronto emotional speech set data\YAF_happy\YAF_wife_happy.wav,wife,happy
data/raw/TESS Toronto emotional speech set data\YAF_happy\YAF_wire_happy.wav,wire,happy
data/raw/TESS Toronto emotional speech set data\YAF_happy\YAF_witch_happy.wav,witch,happy
data/raw/TESS Toronto emotional speech set data\YAF_happy\YAF_yearn_happy.wav,yearn,happy
data/raw/TESS Toronto emotional speech set data\YAF_happy\YAF_yes_happy.wav,yes,happy
data/raw/TESS Toronto emotional speech set data\YAF_happy\YAF_young_happy.wav,young,happy
data/raw/TESS Toronto emotional speech set data\YAF_happy\YAF_youth_happy.wav,youth,happy
data/raw/TESS Toronto emotional speech set data\YAF_neutral\YAF_back_neutral.wav,back,neutral
data/raw/TESS Toronto emotional speech set data\YAF_neutral\YAF_bar_neutral.wav,bar,neutral
data/raw/TESS Toronto emotional speech set data\YAF_neutral\YAF_base_neutral.wav,base,neutral
data/raw/TESS Toronto emotional speech set data\YAF_neutral\YAF_bath_neutral.wav,bath,neutral
data/raw/TESS Toronto emotional speech set data\YAF_neutral\YAF_bean_neutral.wav,bean,neutral
data/raw/TESS Toronto emotional speech set data\YAF_neutral\YAF_beg_neutral.wav,beg,neutral
data/raw/TESS Toronto emotional speech set data\YAF_neutral\YAF_bite_neutral.wav,bite,neutral
data/raw/TESS Toronto emotional speech set data\YAF_neutral\YAF_boat_neutral.wav,boat,neutral
data/raw/TESS Toronto emotional speech set data\YAF_neutral\YAF_bone_neutral.wav,bone,neutral
data/raw/TESS Toronto emotional speech set data\YAF_neutral\YAF_book_neutral.wav,book,neutral
data/raw/TESS Toronto emotional speech set data\YAF_neutral\YAF_bought_neutral.wav,bought,neutral
data/raw/TESS Toronto emotional speech set data\YAF_neutral\YAF_burn_neutral.wav,burn,neutral
data/raw/TESS Toronto emotional speech set data\YAF_neutral\YAF_cab_neutral.wav,cab,neutral
data/raw/TESS Toronto emotional speech set data\YAF_neutral\YAF_calm_neutral.wav,calm,neutral
data/raw/TESS Toronto emotional speech set data\YAF_neutral\YAF_came_neutral.wav,came,neutral
data/raw/TESS Toronto emotional speech set data\YAF_neutral\YAF_cause_neutral.wav,cause,neutral
data/raw/TESS Toronto emotional speech set data\YAF_neutral\YAF_chain_neutral.wav,chain,neutral
data/raw/TESS Toronto emotional speech set data\YAF_neutral\YAF_chair_neutral.wav,chair,neutral
data/raw/TESS Toronto emotional speech set data\YAF_neutral\YAF_chalk_neutral.wav,chalk,neutral
data/raw/TESS Toronto emotional speech set data\YAF_neutral\YAF_chat_neutral.wav,chat,neutral
data/raw/TESS Toronto emotional speech set data\YAF_neutral\YAF_check_neutral.wav,check,neutral
data/raw/TESS Toronto emotional speech set data\YAF_neutral\YAF_cheek_neutral.wav,cheek,neutral
data/raw/TESS Toronto emotional speech set data\YAF_neutral\YAF_chief_neutral.wav,chief,neutral
data/raw/TESS Toronto emotional speech set data\YAF_neutral\YAF_choice_neutral.wav,choice,neutral
data/raw/TESS Toronto emotional speech set data\YAF_neutral\YAF_cool_neutral.wav,cool,neutral
data/raw/TESS Toronto emotional speech set data\YAF_neutral\YAF_dab_neutral.wav,dab,neutral
data/raw/TESS Toronto emotional speech set data\YAF_neutral\YAF_date_neutral.wav,date,neutral
data/raw/TESS Toronto emotional speech set data\YAF_neutral\YAF_dead_neutral.wav,dead,neutral
data/raw/TESS Toronto emotional speech set data\YAF_neutral\YAF_death_neutral.wav,death,neutral
data/raw/TESS Toronto emotional speech set data\YAF_neutral\YAF_deep_neutral.wav,deep,neutral
data/raw/TESS Toronto emotional speech set data\YAF_neutral\YAF_dime_neutral.wav,dime,neutral
data/raw/TESS Toronto emotional speech set data\YAF_neutral\YAF_dip_neutral.wav,dip,neutral
data/raw/TESS Toronto emotional speech set data\YAF_neutral\YAF_ditch_neutral.wav,ditch,neutral
data/raw/TESS Toronto emotional speech set data\YAF_neutral\YAF_dodge_neutral.wav,dodge,neutral
data/raw/TESS Toronto emotional speech set data\YAF_neutral\YAF_dog_neutral.wav,dog,neutral
data/raw/TESS Toronto emotional speech set data\YAF_neutral\YAF_doll_neutral.wav,doll,neutral
data/raw/TESS Toronto emotional speech set data\YAF_neutral\YAF_door_neutral.wav,door,neutral
data/raw/TESS Toronto emotional speech set data\YAF_neutral\YAF_fail_neutral.wav,fail,neutral
data/raw/TESS Toronto emotional speech set data\YAF_neutral\YAF_fall_neutral.wav,fall,neutral
data/raw/TESS Toronto emotional speech set data\YAF_neutral\YAF_far_neutral.wav,far,neutral
data/raw/TESS Toronto emotional speech set data\YAF_neutral\YAF_fat_neutral.wav,fat,neutral
data/raw/TESS Toronto emotional speech set data\YAF_neutral\YAF_fit_neutral.wav,fit,neutral
data/raw/TESS Toronto emotional speech set data\YAF_neutral\YAF_five_neutral.wav,five,neutral
data/raw/TESS Toronto emotional speech set data\YAF_neutral\YAF_food_neutral.wav,food,neutral
data/raw/TESS Toronto emotional speech set data\YAF_neutral\YAF_gap_neutral.wav,gap,neutral
data/raw/TESS Toronto emotional speech set data\YAF_neutral\YAF_gas_neutral.wav,gas,neutral
data/raw/TESS Toronto emotional speech set data\YAF_neutral\YAF_gaze_neutral.wav,gaze,neutral
data/raw/TESS Toronto emotional speech set data\YAF_neutral\YAF_germ_neutral.wav,germ,neutral
data/raw/TESS Toronto emotional speech set data\YAF_neutral\YAF_get_neutral.wav,get,neutral
data/raw/TESS Toronto emotional speech set data\YAF_neutral\YAF_gin_neutral.wav,gin,neutral
data/raw/TESS Toronto emotional speech set data\YAF_neutral\YAF_goal_neutral.wav,goal,neutral
data/raw/TESS Toronto emotional speech set data\YAF_neutral\YAF_good_neutral.wav,good,neutral
data/raw/TESS Toronto emotional speech set data\YAF_neutral\YAF_goose_neutral.wav,goose,neutral
data/raw/TESS Toronto emotional speech set data\YAF_neutral\YAF_gun_neutral.wav,gun,neutral
data/raw/TESS Toronto emotional speech set data\YAF_neutral\YAF_half_neutral.wav,half,neutral
data/raw/TESS Toronto emotional speech set data\YAF_neutral\YAF_hall_neutral.wav,hall,neutral
data/raw/TESS Toronto emotional speech set data\YAF_neutral\YAF_hash_neutral.wav,hash,neutral
data/raw/TESS Toronto emotional speech set data\YAF_neutral\YAF_hate_neutral.wav,hate,neutral
data/raw/TESS Toronto emotional speech set data\YAF_neutral\YAF_have_neutral.wav,have,neutral
data/raw/TESS Toronto emotional speech set data\YAF_neutral\YAF_haze_neutral.wav,haze,neutral
data/raw/TESS Toronto emotional speech set data\YAF_neutral\YAF_hire_neutral.wav,hire,neutral
data/raw/TESS Toronto emotional speech set data\YAF_neutral\YAF_hit_neutral.wav,hit,neutral
data/raw/TESS Toronto emotional speech set data\YAF_neutral\YAF_hole_neutral.wav,hole,neutral
data/raw/TESS Toronto emotional speech set data\YAF_neutral\YAF_home_neutral.wav,home,neutral
data/raw/TESS Toronto emotional speech set data\YAF_neutral\YAF_hurl_neutral.wav,hurl,neutral
data/raw/TESS Toronto emotional speech set data\YAF_neutral\YAF_hush_neutral.wav,hush,neutral
data/raw/TESS Toronto emotional speech set data\YAF_neutral\YAF_jail_neutral.wav,jail,neutral
data/raw/TESS Toronto emotional speech set data\YAF_neutral\YAF_jar_neutral.wav,jar,neutral
data/raw/TESS Toronto emotional speech set data\YAF_neutral\YAF_join_neutral.wav,join,neutral
data/raw/TESS Toronto emotional speech set data\YAF_neutral\YAF_judge_neutral.wav,judge,neutral
data/raw/TESS Toronto emotional speech set data\YAF_neutral\YAF_jug_neutral.wav,jug,neutral
data/raw/TESS Toronto emotional speech set data\YAF_neutral\YAF_juice_neutral.wav,juice,neutral
data/raw/TESS Toronto emotional speech set data\YAF_neutral\YAF_keen_neutral.wav,keen,neutral
data/raw/TESS Toronto emotional speech set data\YAF_neutral\YAF_keep_neutral.wav,keep,neutral
data/raw/TESS Toronto emotional speech set data\YAF_neutral\YAF_keg_neutral.wav,keg,neutral
data/raw/TESS Toronto emotional speech set data\YAF_neutral\YAF_kick_neutral.wav,kick,neutral
data/raw/TESS Toronto emotional speech set data\YAF_neutral\YAF_kill_neutral.wav,kill,neutral
data/raw/TESS Toronto emotional speech set data\YAF_neutral\YAF_king_neutral.wav,king,neutral
data/raw/TESS Toronto emotional speech set data\YAF_neutral\YAF_kite_neutral.wav,kite,neutral
data/raw/TESS Toronto emotional speech set data\YAF_neutral\YAF_knock_neutral.wav,knock,neutral
data/raw/TESS Toronto emotional speech set data\YAF_neutral\YAF_late_neutral.wav,late,neutral
data/raw/TESS Toronto emotional speech set data\YAF_neutral\YAF_laud_neutral.wav,laud,neutral
data/raw/TESS Toronto emotional speech set data\YAF_neutral\YAF_lean_neutral.wav,lean,neutral
data/raw/TESS Toronto emotional speech set data\YAF_neutral\YAF_learn_neutral.wav,learn,neutral
data/raw/TESS Toronto emotional speech set data\YAF_neutral\YAF_lease_neutral.wav,lease,neutral
data/raw/TESS Toronto emotional speech set data\YAF_neutral\YAF_lid_neutral.wav,lid,neutral
data/raw/TESS Toronto emotional speech set data\YAF_neutral\YAF_life_neutral.wav,life,neutral
data/raw/TESS Toronto emotional speech set data\YAF_neutral\YAF_limb_neutral.wav,limb,neutral
data/raw/TESS Toronto emotional speech set data\YAF_neutral\YAF_live_neutral.wav,live,neutral
data/raw/TESS Toronto emotional speech set data\YAF_neutral\YAF_loaf_neutral.wav,loaf,neutral
data/raw/TESS Toronto emotional speech set data\YAF_neutral\YAF_long_neutral.wav,long,neutral
data/raw/TESS Toronto emotional speech set data\YAF_neutral\YAF_lore_neutral.wav,lore,neutral
data/raw/TESS Toronto emotional speech set data\YAF_neutral\YAF_lose_neutral.wav,lose,neutral
data/raw/TESS Toronto emotional speech set data\YAF_neutral\YAF_lot_neutral.wav,lot,neutral
data/raw/TESS Toronto emotional speech set data\YAF_neutral\YAF_love_neutral.wav,love,neutral
data/raw/TESS Toronto emotional speech set data\YAF_neutral\YAF_luck_neutral.wav,luck,neutral
data/raw/TESS Toronto emotional speech set data\YAF_neutral\YAF_make_neutral.wav,make,neutral
data/raw/TESS Toronto emotional speech set data\YAF_neutral\YAF_match_neutral.wav,match,neutral
data/raw/TESS Toronto emotional speech set data\YAF_neutral\YAF_merge_neutral.wav,merge,neutral
data/raw/TESS Toronto emotional speech set data\YAF_neutral\YAF_mess_neutral.wav,mess,neutral
data/raw/TESS Toronto emotional speech set data\YAF_neutral\YAF_met_neutral.wav,met,neutral
data/raw/TESS Toronto emotional speech set data\YAF_neutral\YAF_mill_neutral.wav,mill,neutral
data/raw/TESS Toronto emotional speech set data\YAF_neutral\YAF_mob_neutral.wav,mob,neutral
data/raw/TESS Toronto emotional speech set data\YAF_neutral\YAF_mode_neutral.wav,mode,neutral
data/raw/TESS Toronto emotional speech set data\YAF_neutral\YAF_mood_neutral.wav,mood,neutral
data/raw/TESS Toronto emotional speech set data\YAF_neutral\YAF_moon_neutral.wav,moon,neutral
data/raw/TESS Toronto emotional speech set data\YAF_neutral\YAF_mop_neutral.wav,mop,neutral
data/raw/TESS Toronto emotional speech set data\YAF_neutral\YAF_mouse_neutral.wav,mouse,neutral
data/raw/TESS Toronto emotional speech set data\YAF_neutral\YAF_nag_neutral.wav,nag,neutral
data/raw/TESS Toronto emotional speech set data\YAF_neutral\YAF_name_neutral.wav,name,neutral
data/raw/TESS Toronto emotional speech set data\YAF_neutral\YAF_near_neutral.wav,near,neutral
data/raw/TESS Toronto emotional speech set data\YAF_neutral\YAF_neat_neutral.wav,neat,neutral
data/raw/TESS Toronto emotional speech set data\YAF_neutral\YAF_nice_neutral.wav,nice,neutral
data/raw/TESS Toronto emotional speech set data\YAF_neutral\YAF_note_neutral.wav,note,neutral
data/raw/TESS Toronto emotional speech set data\YAF_neutral\YAF_numb_neutral.wav,numb,neutral
data/raw/TESS Toronto emotional speech set data\YAF_neutral\YAF_pad_neutral.wav,pad,neutral
data/raw/TESS Toronto emotional speech set data\YAF_neutral\YAF_page_neutral.wav,page,neutral
data/raw/TESS Toronto emotional speech set data\YAF_neutral\YAF_pain_neutral.wav,pain,neutral
data/raw/TESS Toronto emotional speech set data\YAF_neutral\YAF_pass_neutral.wav,pass,neutral
data/raw/TESS Toronto emotional speech set data\YAF_neutral\YAF_pearl_neutral.wav,pearl,neutral
data/raw/TESS Toronto emotional speech set data\YAF_neutral\YAF_peg_neutral.wav,peg,neutral
data/raw/TESS Toronto emotional speech set data\YAF_neutral\YAF_perch_neutral.wav,perch,neutral
data/raw/TESS Toronto emotional speech set data\YAF_neutral\YAF_phone_neutral.wav,phone,neutral
data/raw/TESS Toronto emotional speech set data\YAF_neutral\YAF_pick_neutral.wav,pick,neutral
data/raw/TESS Toronto emotional speech set data\YAF_neutral\YAF_pike_neutral.wav,pike,neutral
data/raw/TESS Toronto emotional speech set data\YAF_neutral\YAF_pole_neutral.wav,pole,neutral
data/raw/TESS Toronto emotional speech set data\YAF_neutral\YAF_pool_neutral.wav,pool,neutral
data/raw/TESS Toronto emotional speech set data\YAF_neutral\YAF_puff_neutral.wav,puff,neutral
data/raw/TESS Toronto emotional speech set data\YAF_neutral\YAF_rag_neutral.wav,rag,neutral
data/raw/TESS Toronto emotional speech set data\YAF_neutral\YAF_raid_neutral.wav,raid,neutral
data/raw/TESS Toronto emotional speech set data\YAF_neutral\YAF_rain_neutral.wav,rain,neutral
data/raw/TESS Toronto emotional speech set data\YAF_neutral\YAF_raise_neutral.wav,raise,neutral
data/raw/TESS Toronto emotional speech set data\YAF_neutral\YAF_rat_neutral.wav,rat,neutral
data/raw/TESS Toronto emotional speech set data\YAF_neutral\YAF_reach_neutral.wav,reach,neutral
data/raw/TESS Toronto emotional speech set data\YAF_neutral\YAF_read_neutral.wav,read,neutral
data/raw/TESS Toronto emotional speech set data\YAF_neutral\YAF_red_neutral.wav,red,neutral
data/raw/TESS Toronto emotional speech set data\YAF_neutral\YAF_ring_neutral.wav,ring,neutral
data/raw/TESS Toronto emotional speech set data\YAF_neutral\YAF_ripe_neutral.wav,ripe,neutral
data/raw/TESS Toronto emotional speech set data\YAF_neutral\YAF_road_neutral.wav,road,neutral
data/raw/TESS Toronto emotional speech set data\YAF_neutral\YAF_room_neutral.wav,room,neutral
data/raw/TESS Toronto emotional speech set data\YAF_neutral\YAF_rose_neutral.wav,rose,neutral
data/raw/TESS Toronto emotional speech set data\YAF_neutral\YAF_rot_neutral.wav,rot,neutral
data/raw/TESS Toronto emotional speech set data\YAF_neutral\YAF_rough_neutral.wav,rough,neutral
data/raw/TESS Toronto emotional speech set data\YAF_neutral\YAF_rush_neutral.wav,rush,neutral
data/raw/TESS Toronto emotional speech set data\YAF_neutral\YAF_said_neutral.wav,said,neutral
data/raw/TESS Toronto emotional speech set data\YAF_neutral\YAF_sail_neutral.wav,sail,neutral
data/raw/TESS Toronto emotional speech set data\YAF_neutral\YAF_search_neutral.wav,search,neutral
data/raw/TESS Toronto emotional speech set data\YAF_neutral\YAF_seize_neutral.wav,seize,neutral
data/raw/TESS Toronto emotional speech set data\YAF_neutral\YAF_sell_neutral.wav,sell,neutral
data/raw/TESS Toronto emotional speech set data\YAF_neutral\YAF_shack_neutral.wav,shack,neutral
data/raw/TESS Toronto emotional speech set data\YAF_neutral\YAF_shall_neutral.wav,shall,neutral
data/raw/TESS Toronto emotional speech set data\YAF_neutral\YAF_shawl_neutral.wav,shawl,neutral
data/raw/TESS Toronto emotional speech set data\YAF_neutral\YAF_sheep_neutral.wav,sheep,neutral
data/raw/TESS Toronto emotional speech set data\YAF_neutral\YAF_shirt_neutral.wav,shirt,neutral
data/raw/TESS Toronto emotional speech set data\YAF_neutral\YAF_should_neutral.wav,should,neutral
data/raw/TESS Toronto emotional speech set data\YAF_neutral\YAF_shout_neutral.wav,shout,neutral
data/raw/TESS Toronto emotional speech set data\YAF_neutral\YAF_size_neutral.wav,size,neutral
data/raw/TESS Toronto emotional speech set data\YAF_neutral\YAF_soap_neutral.wav,soap,neutral
data/raw/TESS Toronto emotional speech set data\YAF_neutral\YAF_soup_neutral.wav,soup,neutral
data/raw/TESS Toronto emotional speech set data\YAF_neutral\YAF_sour_neutral.wav,sour,neutral
data/raw/TESS Toronto emotional speech set data\YAF_neutral\YAF_south_neutral.wav,south,neutral
data/raw/TESS Toronto emotional speech set data\YAF_neutral\YAF_sub_neutral.wav,sub,neutral
data/raw/TESS Toronto emotional speech set data\YAF_neutral\YAF_such_neutral.wav,such,neutral
data/raw/TESS Toronto emotional speech set data\YAF_neutral\YAF_sure_neutral.wav,sure,neutral
data/raw/TESS Toronto emotional speech set data\YAF_neutral\YAF_take_neutral.wav,take,neutral
data/raw/TESS Toronto emotional speech set data\YAF_neutral\YAF_talk_neutral.wav,talk,neutral
data/raw/TESS Toronto emotional speech set data\YAF_neutral\YAF_tape_neutral.wav,tape,neutral
data/raw/TESS Toronto emotional speech set data\YAF_neutral\YAF_team_neutral.wav,team,neutral
data/raw/TESS Toronto emotional speech set data\YAF_neutral\YAF_tell_neutral.wav,tell,neutral
data/raw/TESS Toronto emotional speech set data\YAF_neutral\YAF_thin_neutral.wav,thin,neutral
data/raw/TESS Toronto emotional speech set data\YAF_neutral\YAF_third_neutral.wav,third,neutral
data/raw/TESS Toronto emotional speech set data\YAF_neutral\YAF_thought_neutral.wav,thought,neutral
data/raw/TESS Toronto emotional speech set data\YAF_neutral\YAF_thumb_neutral.wav,thumb,neutral
data/raw/TESS Toronto emotional speech set data\YAF_neutral\YAF_time_neutral.wav,time,neutral
data/raw/TESS Toronto emotional speech set data\YAF_neutral\YAF_tip_neutral.wav,tip,neutral
data/raw/TESS Toronto emotional speech set data\YAF_neutral\YAF_tire_neutral.wav,tire,neutral
data/raw/TESS Toronto emotional speech set data\YAF_neutral\YAF_ton_neutral.wav,ton,neutral
data/raw/TESS Toronto emotional speech set data\YAF_neutral\YAF_tool_neutral.wav,tool,neutral
data/raw/TESS Toronto emotional speech set data\YAF_neutral\YAF_tough_neutral.wav,tough,neutral
data/raw/TESS Toronto emotional speech set data\YAF_neutral\YAF_turn_neutral.wav,turn,neutral
data/raw/TESS Toronto emotional speech set data\YAF_neutral\YAF_vine_neutral.wav,vine,neutral
data/raw/TESS Toronto emotional speech set data\YAF_neutral\YAF_voice_neutral.wav,voice,neutral
data/raw/TESS Toronto emotional speech set data\YAF_neutral\YAF_void_neutral.wav,void,neutral
data/raw/TESS Toronto emotional speech set data\YAF_neutral\YAF_vote_neutral.wav,vote,neutral
data/raw/TESS Toronto emotional speech set data\YAF_neutral\YAF_wag_neutral.wav,wag,neutral
data/raw/TESS Toronto emotional speech set data\YAF_neutral\YAF_walk_neutral.wav,walk,neutral
data/raw/TESS Toronto emotional speech set data\YAF_neutral\YAF_wash_neutral.wav,wash,neutral
data/raw/TESS Toronto emotional speech set data\YAF_neutral\YAF_week_neutral.wav,week,neutral
data/raw/TESS Toronto emotional speech set data\YAF_neutral\YAF_wheat_neutral.wav,wheat,neutral
data/raw/TESS Toronto emotional speech set data\YAF_neutral\YAF_when_neutral.wav,when,neutral
data/raw/TESS Toronto emotional speech set data\YAF_neutral\YAF_which_neutral.wav,which,neutral
data/raw/TESS Toronto emotional speech set data\YAF_neutral\YAF_whip_neutral.wav,whip,neutral
data/raw/TESS Toronto emotional speech set data\YAF_neutral\YAF_white_neutral.wav,white,neutral
data/raw/TESS Toronto emotional speech set data\YAF_neutral\YAF_wife_neutral.wav,wife,neutral
data/raw/TESS Toronto emotional speech set data\YAF_neutral\YAF_wire_neutral.wav,wire,neutral
data/raw/TESS Toronto emotional speech set data\YAF_neutral\YAF_witch_neutral.wav,witch,neutral
data/raw/TESS Toronto emotional speech set data\YAF_neutral\YAF_yearn_neutral.wav,yearn,neutral
data/raw/TESS Toronto emotional speech set data\YAF_neutral\YAF_yes_neutral.wav,yes,neutral
data/raw/TESS Toronto emotional speech set data\YAF_neutral\YAF_young_neutral.wav,young,neutral
data/raw/TESS Toronto emotional speech set data\YAF_neutral\YAF_youth_neutral.wav,youth,neutral
data/raw/TESS Toronto emotional speech set data\YAF_pleasant_surprised\YAF_back_ps.wav,back,ps
data/raw/TESS Toronto emotional speech set data\YAF_pleasant_surprised\YAF_bar_ps.wav,bar,ps
data/raw/TESS Toronto emotional speech set data\YAF_pleasant_surprised\YAF_base_ps.wav,base,ps
data/raw/TESS Toronto emotional speech set data\YAF_pleasant_surprised\YAF_bath_ps.wav,bath,ps
data/raw/TESS Toronto emotional speech set data\YAF_pleasant_surprised\YAF_bean_ps.wav,bean,ps
data/raw/TESS Toronto emotional speech set data\YAF_pleasant_surprised\YAF_beg_ps.wav,beg,ps
data/raw/TESS Toronto emotional speech set data\YAF_pleasant_surprised\YAF_bite_ps.wav,bite,ps
data/raw/TESS Toronto emotional speech set data\YAF_pleasant_surprised\YAF_boat_ps.wav,boat,ps
data/raw/TESS Toronto emotional speech set data\YAF_pleasant_surprised\YAF_bone_ps.wav,bone,ps
data/raw/TESS Toronto emotional speech set data\YAF_pleasant_surprised\YAF_book_ps.wav,book,ps
data/raw/TESS Toronto emotional speech set data\YAF_pleasant_surprised\YAF_bought_ps.wav,bought,ps
data/raw/TESS Toronto emotional speech set data\YAF_pleasant_surprised\YAF_burn_ps.wav,burn,ps
data/raw/TESS Toronto emotional speech set data\YAF_pleasant_surprised\YAF_cab_ps.wav,cab,ps
data/raw/TESS Toronto emotional speech set data\YAF_pleasant_surprised\YAF_calm_ps.wav,calm,ps
data/raw/TESS Toronto emotional speech set data\YAF_pleasant_surprised\YAF_came_ps.wav,came,ps
data/raw/TESS Toronto emotional speech set data\YAF_pleasant_surprised\YAF_cause_ps.wav,cause,ps
data/raw/TESS Toronto emotional speech set data\YAF_pleasant_surprised\YAF_chain_ps.wav,chain,ps
data/raw/TESS Toronto emotional speech set data\YAF_pleasant_surprised\YAF_chair_ps.wav,chair,ps
data/raw/TESS Toronto emotional speech set data\YAF_pleasant_surprised\YAF_chalk_ps.wav,chalk,ps
data/raw/TESS Toronto emotional speech set data\YAF_pleasant_surprised\YAF_chat_ps.wav,chat,ps
data/raw/TESS Toronto emotional speech set data\YAF_pleasant_surprised\YAF_check_ps.wav,check,ps
data/raw/TESS Toronto emotional speech set data\YAF_pleasant_surprised\YAF_cheek_ps.wav,cheek,ps
data/raw/TESS Toronto emotional speech set data\YAF_pleasant_surprised\YAF_chief_ps.wav,chief,ps
data/raw/TESS Toronto emotional speech set data\YAF_pleasant_surprised\YAF_choice_ps.wav,choice,ps
data/raw/TESS Toronto emotional speech set data\YAF_pleasant_surprised\YAF_cool_ps.wav,cool,ps
data/raw/TESS Toronto emotional speech set data\YAF_pleasant_surprised\YAF_dab_ps.wav,dab,ps
data/raw/TESS Toronto emotional speech set data\YAF_pleasant_surprised\YAF_date_ps.wav,date,ps
data/raw/TESS Toronto emotional speech set data\YAF_pleasant_surprised\YAF_dead_ps.wav,dead,ps
data/raw/TESS Toronto emotional speech set data\YAF_pleasant_surprised\YAF_death_ps.wav,death,ps
data/raw/TESS Toronto emotional speech set data\YAF_pleasant_surprised\YAF_deep_ps.wav,deep,ps
data/raw/TESS Toronto emotional speech set data\YAF_pleasant_surprised\YAF_dime_ps.wav,dime,ps
data/raw/TESS Toronto emotional speech set data\YAF_pleasant_surprised\YAF_dip_ps.wav,dip,ps
data/raw/TESS Toronto emotional speech set data\YAF_pleasant_surprised\YAF_ditch_ps.wav,ditch,ps
data/raw/TESS Toronto emotional speech set data\YAF_pleasant_surprised\YAF_dodge_ps.wav,dodge,ps
data/raw/TESS Toronto emotional speech set data\YAF_pleasant_surprised\YAF_dog_ps.wav,dog,ps
data/raw/TESS Toronto emotional speech set data\YAF_pleasant_surprised\YAF_doll_ps.wav,doll,ps
data/raw/TESS Toronto emotional speech set data\YAF_pleasant_surprised\YAF_door_ps.wav,door,ps
data/raw/TESS Toronto emotional speech set data\YAF_pleasant_surprised\YAF_fail_ps.wav,fail,ps
data/raw/TESS Toronto emotional speech set data\YAF_pleasant_surprised\YAF_fall_ps.wav,fall,ps
data/raw/TESS Toronto emotional speech set data\YAF_pleasant_surprised\YAF_far_ps.wav,far,ps
data/raw/TESS Toronto emotional speech set data\YAF_pleasant_surprised\YAF_fat_ps.wav,fat,ps
data/raw/TESS Toronto emotional speech set data\YAF_pleasant_surprised\YAF_fit_ps.wav,fit,ps
data/raw/TESS Toronto emotional speech set data\YAF_pleasant_surprised\YAF_five_ps.wav,five,ps
data/raw/TESS Toronto emotional speech set data\YAF_pleasant_surprised\YAF_food_ps.wav,food,ps
data/raw/TESS Toronto emotional speech set data\YAF_pleasant_surprised\YAF_gap_ps.wav,gap,ps
data/raw/TESS Toronto emotional speech set data\YAF_pleasant_surprised\YAF_gas_ps.wav,gas,ps
data/raw/TESS Toronto emotional speech set data\YAF_pleasant_surprised\YAF_gaze_ps.wav,gaze,ps
data/raw/TESS Toronto emotional speech set data\YAF_pleasant_surprised\YAF_germ_ps.wav,germ,ps
data/raw/TESS Toronto emotional speech set data\YAF_pleasant_surprised\YAF_get_ps.wav,get,ps
data/raw/TESS Toronto emotional speech set data\YAF_pleasant_surprised\YAF_gin_ps.wav,gin,ps
data/raw/TESS Toronto emotional speech set data\YAF_pleasant_surprised\YAF_goal_ps.wav,goal,ps
data/raw/TESS Toronto emotional speech set data\YAF_pleasant_surprised\YAF_good_ps.wav,good,ps
data/raw/TESS Toronto emotional speech set data\YAF_pleasant_surprised\YAF_goose_ps.wav,goose,ps
data/raw/TESS Toronto emotional speech set data\YAF_pleasant_surprised\YAF_gun_ps.wav,gun,ps
data/raw/TESS Toronto emotional speech set data\YAF_pleasant_surprised\YAF_half_ps.wav,half,ps
data/raw/TESS Toronto emotional speech set data\YAF_pleasant_surprised\YAF_hall_ps.wav,hall,ps
data/raw/TESS Toronto emotional speech set data\YAF_pleasant_surprised\YAF_hash_ps.wav,hash,ps
data/raw/TESS Toronto emotional speech set data\YAF_pleasant_surprised\YAF_hate_ps.wav,hate,ps
data/raw/TESS Toronto emotional speech set data\YAF_pleasant_surprised\YAF_have_ps.wav,have,ps
data/raw/TESS Toronto emotional speech set data\YAF_pleasant_surprised\YAF_haze_ps.wav,haze,ps
data/raw/TESS Toronto emotional speech set data\YAF_pleasant_surprised\YAF_hire_ps.wav,hire,ps
data/raw/TESS Toronto emotional speech set data\YAF_pleasant_surprised\YAF_hit_ps.wav,hit,ps
data/raw/TESS Toronto emotional speech set data\YAF_pleasant_surprised\YAF_hole_ps.wav,hole,ps
data/raw/TESS Toronto emotional speech set data\YAF_pleasant_surprised\YAF_home_ps.wav,home,ps
data/raw/TESS Toronto emotional speech set data\YAF_pleasant_surprised\YAF_hurl_ps.wav,hurl,ps
data/raw/TESS Toronto emotional speech set data\YAF_pleasant_surprised\YAF_hush_ps.wav,hush,ps
data/raw/TESS Toronto emotional speech set data\YAF_pleasant_surprised\YAF_jail_ps.wav,jail,ps
data/raw/TESS Toronto emotional speech set data\YAF_pleasant_surprised\YAF_jar_ps.wav,jar,ps
data/raw/TESS Toronto emotional speech set data\YAF_pleasant_surprised\YAF_join_ps.wav,join,ps
data/raw/TESS Toronto emotional speech set data\YAF_pleasant_surprised\YAF_judge_ps.wav,judge,ps
data/raw/TESS Toronto emotional speech set data\YAF_pleasant_surprised\YAF_jug_ps.wav,jug,ps
data/raw/TESS Toronto emotional speech set data\YAF_pleasant_surprised\YAF_juice_ps.wav,juice,ps
data/raw/TESS Toronto emotional speech set data\YAF_pleasant_surprised\YAF_keen_ps.wav,keen,ps
data/raw/TESS Toronto emotional speech set data\YAF_pleasant_surprised\YAF_keep_ps.wav,keep,ps
data/raw/TESS Toronto emotional speech set data\YAF_pleasant_surprised\YAF_keg_ps.wav,keg,ps
data/raw/TESS Toronto emotional speech set data\YAF_pleasant_surprised\YAF_kick_ps.wav,kick,ps
data/raw/TESS Toronto emotional speech set data\YAF_pleasant_surprised\YAF_kill_ps.wav,kill,ps
data/raw/TESS Toronto emotional speech set data\YAF_pleasant_surprised\YAF_king_ps.wav,king,ps
data/raw/TESS Toronto emotional speech set data\YAF_pleasant_surprised\YAF_kite_ps.wav,kite,ps
data/raw/TESS Toronto emotional speech set data\YAF_pleasant_surprised\YAF_knock_ps.wav,knock,ps
data/raw/TESS Toronto emotional speech set data\YAF_pleasant_surprised\YAF_late_ps.wav,late,ps
data/raw/TESS Toronto emotional speech set data\YAF_pleasant_surprised\YAF_laud_ps.wav,laud,ps
data/raw/TESS Toronto emotional speech set data\YAF_pleasant_surprised\YAF_lean_ps.wav,lean,ps
data/raw/TESS Toronto emotional speech set data\YAF_pleasant_surprised\YAF_learn_ps.wav,learn,ps
data/raw/TESS Toronto emotional speech set data\YAF_pleasant_surprised\YAF_lease_ps.wav,lease,ps
data/raw/TESS Toronto emotional speech set data\YAF_pleasant_surprised\YAF_lid_ps.wav,lid,ps
data/raw/TESS Toronto emotional speech set data\YAF_pleasant_surprised\YAF_life_ps.wav,life,ps
data/raw/TESS Toronto emotional speech set data\YAF_pleasant_surprised\YAF_limb_ps.wav,limb,ps
data/raw/TESS Toronto emotional speech set data\YAF_pleasant_surprised\YAF_live_ps.wav,live,ps
data/raw/TESS Toronto emotional speech set data\YAF_pleasant_surprised\YAF_loaf_ps.wav,loaf,ps
data/raw/TESS Toronto emotional speech set data\YAF_pleasant_surprised\YAF_long_ps.wav,long,ps
data/raw/TESS Toronto emotional speech set data\YAF_pleasant_surprised\YAF_lore_ps.wav,lore,ps
data/raw/TESS Toronto emotional speech set data\YAF_pleasant_surprised\YAF_lose_ps.wav,lose,ps
data/raw/TESS Toronto emotional speech set data\YAF_pleasant_surprised\YAF_lot_ps.wav,lot,ps
data/raw/TESS Toronto emotional speech set data\YAF_pleasant_surprised\YAF_love_ps.wav,love,ps
data/raw/TESS Toronto emotional speech set data\YAF_pleasant_surprised\YAF_luck_ps.wav,luck,ps
data/raw/TESS Toronto emotional speech set data\YAF_pleasant_surprised\YAF_make_ps.wav,make,ps
data/raw/TESS Toronto emotional speech set data\YAF_pleasant_surprised\YAF_match_ps.wav,match,ps
data/raw/TESS Toronto emotional speech set data\YAF_pleasant_surprised\YAF_merge_ps.wav,merge,ps
data/raw/TESS Toronto emotional speech set data\YAF_pleasant_surprised\YAF_mess_ps.wav,mess,ps
data/raw/TESS Toronto emotional speech set data\YAF_pleasant_surprised\YAF_met_ps.wav,met,ps
data/raw/TESS Toronto emotional speech set data\YAF_pleasant_surprised\YAF_mill_ps.wav,mill,ps
data/raw/TESS Toronto emotional speech set data\YAF_pleasant_surprised\YAF_mob_ps.wav,mob,ps
data/raw/TESS Toronto emotional speech set data\YAF_pleasant_surprised\YAF_mode_ps.wav,mode,ps
data/raw/TESS Toronto emotional speech set data\YAF_pleasant_surprised\YAF_mood_ps.wav,mood,ps
data/raw/TESS Toronto emotional speech set data\YAF_pleasant_surprised\YAF_moon_ps.wav,moon,ps
data/raw/TESS Toronto emotional speech set data\YAF_pleasant_surprised\YAF_mop_ps.wav,mop,ps
data/raw/TESS Toronto emotional speech set data\YAF_pleasant_surprised\YAF_mouse_ps.wav,mouse,ps
data/raw/TESS Toronto emotional speech set data\YAF_pleasant_surprised\YAF_nag_ps.wav,nag,ps
data/raw/TESS Toronto emotional speech set data\YAF_pleasant_surprised\YAF_name_ps.wav,name,ps
data/raw/TESS Toronto emotional speech set data\YAF_pleasant_surprised\YAF_near_ps.wav,near,ps
data/raw/TESS Toronto emotional speech set data\YAF_pleasant_surprised\YAF_neat_ps.wav,neat,ps
data/raw/TESS Toronto emotional speech set data\YAF_pleasant_surprised\YAF_nice_ps.wav,nice,ps
data/raw/TESS Toronto emotional speech set data\YAF_pleasant_surprised\YAF_note_ps.wav,note,ps
data/raw/TESS Toronto emotional speech set data\YAF_pleasant_surprised\YAF_numb_ps.wav,numb,ps
data/raw/TESS Toronto emotional speech set data\YAF_pleasant_surprised\YAF_pad_ps.wav,pad,ps
data/raw/TESS Toronto emotional speech set data\YAF_pleasant_surprised\YAF_page_ps.wav,page,ps
data/raw/TESS Toronto emotional speech set data\YAF_pleasant_surprised\YAF_pain_ps.wav,pain,ps
data/raw/TESS Toronto emotional speech set data\YAF_pleasant_surprised\YAF_pass_ps.wav,pass,ps
data/raw/TESS Toronto emotional speech set data\YAF_pleasant_surprised\YAF_pearl_ps.wav,pearl,ps
data/raw/TESS Toronto emotional speech set data\YAF_pleasant_surprised\YAF_peg_ps.wav,peg,ps
data/raw/TESS Toronto emotional speech set data\YAF_pleasant_surprised\YAF_perch_ps.wav,perch,ps
data/raw/TESS Toronto emotional speech set data\YAF_pleasant_surprised\YAF_phone_ps.wav,phone,ps
data/raw/TESS Toronto emotional speech set data\YAF_pleasant_surprised\YAF_pick_ps.wav,pick,ps
data/raw/TESS Toronto emotional speech set data\YAF_pleasant_surprised\YAF_pike_ps.wav,pike,ps
data/raw/TESS Toronto emotional speech set data\YAF_pleasant_surprised\YAF_pole_ps.wav,pole,ps
data/raw/TESS Toronto emotional speech set data\YAF_pleasant_surprised\YAF_pool_ps.wav,pool,ps
data/raw/TESS Toronto emotional speech set data\YAF_pleasant_surprised\YAF_puff_ps.wav,puff,ps
data/raw/TESS Toronto emotional speech set data\YAF_pleasant_surprised\YAF_rag_ps.wav,rag,ps
data/raw/TESS Toronto emotional speech set data\YAF_pleasant_surprised\YAF_raid_ps.wav,raid,ps
data/raw/TESS Toronto emotional speech set data\YAF_pleasant_surprised\YAF_rain_ps.wav,rain,ps
data/raw/TESS Toronto emotional speech set data\YAF_pleasant_surprised\YAF_raise_ps.wav,raise,ps
data/raw/TESS Toronto emotional speech set data\YAF_pleasant_surprised\YAF_rat_ps.wav,rat,ps
data/raw/TESS Toronto emotional speech set data\YAF_pleasant_surprised\YAF_reach_ps.wav,reach,ps
data/raw/TESS Toronto emotional speech set data\YAF_pleasant_surprised\YAF_read_ps.wav,read,ps
data/raw/TESS Toronto emotional speech set data\YAF_pleasant_surprised\YAF_red_ps.wav,red,ps
data/raw/TESS Toronto emotional speech set data\YAF_pleasant_surprised\YAF_ring_ps.wav,ring,ps
data/raw/TESS Toronto emotional speech set data\YAF_pleasant_surprised\YAF_ripe_ps.wav,ripe,ps
data/raw/TESS Toronto emotional speech set data\YAF_pleasant_surprised\YAF_road_ps.wav,road,ps
data/raw/TESS Toronto emotional speech set data\YAF_pleasant_surprised\YAF_room_ps.wav,room,ps
data/raw/TESS Toronto emotional speech set data\YAF_pleasant_surprised\YAF_rose_ps.wav,rose,ps
data/raw/TESS Toronto emotional speech set data\YAF_pleasant_surprised\YAF_rot_ps.wav,rot,ps
data/raw/TESS Toronto emotional speech set data\YAF_pleasant_surprised\YAF_rough_ps.wav,rough,ps
data/raw/TESS Toronto emotional speech set data\YAF_pleasant_surprised\YAF_rush_ps.wav,rush,ps
data/raw/TESS Toronto emotional speech set data\YAF_pleasant_surprised\YAF_said_ps.wav,said,ps
data/raw/TESS Toronto emotional speech set data\YAF_pleasant_surprised\YAF_sail_ps.wav,sail,ps
data/raw/TESS Toronto emotional speech set data\YAF_pleasant_surprised\YAF_search_ps.wav,search,ps
data/raw/TESS Toronto emotional speech set data\YAF_pleasant_surprised\YAF_seize_ps.wav,seize,ps
data/raw/TESS Toronto emotional speech set data\YAF_pleasant_surprised\YAF_sell_ps.wav,sell,ps
data/raw/TESS Toronto emotional speech set data\YAF_pleasant_surprised\YAF_shack_ps.wav,shack,ps
data/raw/TESS Toronto emotional speech set data\YAF_pleasant_surprised\YAF_shall_ps.wav,shall,ps
data/raw/TESS Toronto emotional speech set data\YAF_pleasant_surprised\YAF_shawl_ps.wav,shawl,ps
data/raw/TESS Toronto emotional speech set data\YAF_pleasant_surprised\YAF_sheep_ps.wav,sheep,ps
data/raw/TESS Toronto emotional speech set data\YAF_pleasant_surprised\YAF_shirt_ps.wav,shirt,ps
data/raw/TESS Toronto emotional speech set data\YAF_pleasant_surprised\YAF_should_ps.wav,should,ps
data/raw/TESS Toronto emotional speech set data\YAF_pleasant_surprised\YAF_shout_ps.wav,shout,ps
data/raw/TESS Toronto emotional speech set data\YAF_pleasant_surprised\YAF_size_ps.wav,size,ps
data/raw/TESS Toronto emotional speech set data\YAF_pleasant_surprised\YAF_soap_ps.wav,soap,ps
data/raw/TESS Toronto emotional speech set data\YAF_pleasant_surprised\YAF_soup_ps.wav,soup,ps
data/raw/TESS Toronto emotional speech set data\YAF_pleasant_surprised\YAF_sour_ps.wav,sour,ps
data/raw/TESS Toronto emotional speech set data\YAF_pleasant_surprised\YAF_south_ps.wav,south,ps
data/raw/TESS Toronto emotional speech set data\YAF_pleasant_surprised\YAF_sub_ps.wav,sub,ps
data/raw/TESS Toronto emotional speech set data\YAF_pleasant_surprised\YAF_such_ps.wav,such,ps
data/raw/TESS Toronto emotional speech set data\YAF_pleasant_surprised\YAF_sure_ps.wav,sure,ps
data/raw/TESS Toronto emotional speech set data\YAF_pleasant_surprised\YAF_take_ps.wav,take,ps
data/raw/TESS Toronto emotional speech set data\YAF_pleasant_surprised\YAF_talk_ps.wav,talk,ps
data/raw/TESS Toronto emotional speech set data\YAF_pleasant_surprised\YAF_tape_ps.wav,tape,ps
data/raw/TESS Toronto emotional speech set data\YAF_pleasant_surprised\YAF_team_ps.wav,team,ps
data/raw/TESS Toronto emotional speech set data\YAF_pleasant_surprised\YAF_tell_ps.wav,tell,ps
data/raw/TESS Toronto emotional speech set data\YAF_pleasant_surprised\YAF_thin_ps.wav,thin,ps
data/raw/TESS Toronto emotional speech set data\YAF_pleasant_surprised\YAF_third_ps.wav,third,ps
data/raw/TESS Toronto emotional speech set data\YAF_pleasant_surprised\YAF_thought_ps.wav,thought,ps
data/raw/TESS Toronto emotional speech set data\YAF_pleasant_surprised\YAF_thumb_ps.wav,thumb,ps
data/raw/TESS Toronto emotional speech set data\YAF_pleasant_surprised\YAF_time_ps.wav,time,ps
data/raw/TESS Toronto emotional speech set data\YAF_pleasant_surprised\YAF_tip_ps.wav,tip,ps
data/raw/TESS Toronto emotional speech set data\YAF_pleasant_surprised\YAF_tire_ps.wav,tire,ps
data/raw/TESS Toronto emotional speech set data\YAF_pleasant_surprised\YAF_ton_ps.wav,ton,ps
data/raw/TESS Toronto emotional speech set data\YAF_pleasant_surprised\YAF_tool_ps.wav,tool,ps
data/raw/TESS Toronto emotional speech set data\YAF_pleasant_surprised\YAF_tough_ps.wav,tough,ps
data/raw/TESS Toronto emotional speech set data\YAF_pleasant_surprised\YAF_turn_ps.wav,turn,ps
data/raw/TESS Toronto emotional speech set data\YAF_pleasant_surprised\YAF_vine_ps.wav,vine,ps
data/raw/TESS Toronto emotional speech set data\YAF_pleasant_surprised\YAF_voice_ps.wav,voice,ps
data/raw/TESS Toronto emotional speech set data\YAF_pleasant_surprised\YAF_void_ps.wav,void,ps
data/raw/TESS Toronto emotional speech set data\YAF_pleasant_surprised\YAF_vote_ps.wav,vote,ps
data/raw/TESS Toronto emotional speech set data\YAF_pleasant_surprised\YAF_wag_ps.wav,wag,ps
data/raw/TESS Toronto emotional speech set data\YAF_pleasant_surprised\YAF_walk_ps.wav,walk,ps
data/raw/TESS Toronto emotional speech set data\YAF_pleasant_surprised\YAF_wash_ps.wav,wash,ps
data/raw/TESS Toronto emotional speech set data\YAF_pleasant_surprised\YAF_week_ps.wav,week,ps
data/raw/TESS Toronto emotional speech set data\YAF_pleasant_surprised\YAF_wheat_ps.wav,wheat,ps
data/raw/TESS Toronto emotional speech set data\YAF_pleasant_surprised\YAF_when_ps.wav,when,ps
data/raw/TESS Toronto emotional speech set data\YAF_pleasant_surprised\YAF_which_ps.wav,which,ps
data/raw/TESS Toronto emotional speech set data\YAF_pleasant_surprised\YAF_whip_ps.wav,whip,ps
data/raw/TESS Toronto emotional speech set data\YAF_pleasant_surprised\YAF_white_ps.wav,white,ps
data/raw/TESS Toronto emotional speech set data\YAF_pleasant_surprised\YAF_wife_ps.wav,wife,ps
data/raw/TESS Toronto emotional speech set data\YAF_pleasant_surprised\YAF_wire_ps.wav,wire,ps
data/raw/TESS Toronto emotional speech set data\YAF_pleasant_surprised\YAF_witch_ps.wav,witch,ps
data/raw/TESS Toronto emotional speech set data\YAF_pleasant_surprised\YAF_yearn_ps.wav,yearn,ps
data/raw/TESS Toronto emotional speech set data\YAF_pleasant_surprised\YAF_yes_ps.wav,yes,ps
data/raw/TESS Toronto emotional speech set data\YAF_pleasant_surprised\YAF_young_ps.wav,young,ps
data/raw/TESS Toronto emotional speech set data\YAF_pleasant_surprised\YAF_youth_ps.wav,youth,ps
data/raw/TESS Toronto emotional speech set data\YAF_sad\YAF_back_sad.wav,back,sad
data/raw/TESS Toronto emotional speech set data\YAF_sad\YAF_bar_sad.wav,bar,sad
data/raw/TESS Toronto emotional speech set data\YAF_sad\YAF_base_sad.wav,base,sad
data/raw/TESS Toronto emotional speech set data\YAF_sad\YAF_bath_sad.wav,bath,sad
data/raw/TESS Toronto emotional speech set data\YAF_sad\YAF_bean_sad.wav,bean,sad
data/raw/TESS Toronto emotional speech set data\YAF_sad\YAF_beg_sad.wav,beg,sad
data/raw/TESS Toronto emotional speech set data\YAF_sad\YAF_bite_sad.wav,bite,sad
data/raw/TESS Toronto emotional speech set data\YAF_sad\YAF_boat_sad.wav,boat,sad
data/raw/TESS Toronto emotional speech set data\YAF_sad\YAF_bone_sad.wav,bone,sad
data/raw/TESS Toronto emotional speech set data\YAF_sad\YAF_book_sad.wav,book,sad
data/raw/TESS Toronto emotional speech set data\YAF_sad\YAF_bought_sad.wav,bought,sad
data/raw/TESS Toronto emotional speech set data\YAF_sad\YAF_burn_sad.wav,burn,sad
data/raw/TESS Toronto emotional speech set data\YAF_sad\YAF_cab_sad.wav,cab,sad
data/raw/TESS Toronto emotional speech set data\YAF_sad\YAF_calm_sad.wav,calm,sad
data/raw/TESS Toronto emotional speech set data\YAF_sad\YAF_came_sad.wav,came,sad
data/raw/TESS Toronto emotional speech set data\YAF_sad\YAF_cause_sad.wav,cause,sad
data/raw/TESS Toronto emotional speech set data\YAF_sad\YAF_chain_sad.wav,chain,sad
data/raw/TESS Toronto emotional speech set data\YAF_sad\YAF_chair_sad.wav,chair,sad
data/raw/TESS Toronto emotional speech set data\YAF_sad\YAF_chalk_sad.wav,chalk,sad
data/raw/TESS Toronto emotional speech set data\YAF_sad\YAF_chat_sad.wav,chat,sad
data/raw/TESS Toronto emotional speech set data\YAF_sad\YAF_check_sad.wav,check,sad
data/raw/TESS Toronto emotional speech set data\YAF_sad\YAF_cheek_sad.wav,cheek,sad
data/raw/TESS Toronto emotional speech set data\YAF_sad\YAF_chief_sad.wav,chief,sad
data/raw/TESS Toronto emotional speech set data\YAF_sad\YAF_choice_sad.wav,choice,sad
data/raw/TESS Toronto emotional speech set data\YAF_sad\YAF_cool_sad.wav,cool,sad
data/raw/TESS Toronto emotional speech set data\YAF_sad\YAF_dab_sad.wav,dab,sad
data/raw/TESS Toronto emotional speech set data\YAF_sad\YAF_date_sad.wav,date,sad
data/raw/TESS Toronto emotional speech set data\YAF_sad\YAF_dead_sad.wav,dead,sad
data/raw/TESS Toronto emotional speech set data\YAF_sad\YAF_death_sad.wav,death,sad
data/raw/TESS Toronto emotional speech set data\YAF_sad\YAF_deep_sad.wav,deep,sad
data/raw/TESS Toronto emotional speech set data\YAF_sad\YAF_dime_sad.wav,dime,sad
data/raw/TESS Toronto emotional speech set data\YAF_sad\YAF_dip_sad.wav,dip,sad
data/raw/TESS Toronto emotional speech set data\YAF_sad\YAF_ditch_sad.wav,ditch,sad
data/raw/TESS Toronto emotional speech set data\YAF_sad\YAF_dodge_sad.wav,dodge,sad
data/raw/TESS Toronto emotional speech set data\YAF_sad\YAF_dog_sad.wav,dog,sad
data/raw/TESS Toronto emotional speech set data\YAF_sad\YAF_doll_sad.wav,doll,sad
data/raw/TESS Toronto emotional speech set data\YAF_sad\YAF_door_sad.wav,door,sad
data/raw/TESS Toronto emotional speech set data\YAF_sad\YAF_fail_sad.wav,fail,sad
data/raw/TESS Toronto emotional speech set data\YAF_sad\YAF_fall_sad.wav,fall,sad
data/raw/TESS Toronto emotional speech set data\YAF_sad\YAF_far_sad.wav,far,sad
data/raw/TESS Toronto emotional speech set data\YAF_sad\YAF_fat_sad.wav,fat,sad
data/raw/TESS Toronto emotional speech set data\YAF_sad\YAF_fit_sad.wav,fit,sad
data/raw/TESS Toronto emotional speech set data\YAF_sad\YAF_five_sad.wav,five,sad
data/raw/TESS Toronto emotional speech set data\YAF_sad\YAF_food_sad.wav,food,sad
data/raw/TESS Toronto emotional speech set data\YAF_sad\YAF_gap_sad.wav,gap,sad
data/raw/TESS Toronto emotional speech set data\YAF_sad\YAF_gas_sad.wav,gas,sad
data/raw/TESS Toronto emotional speech set data\YAF_sad\YAF_gaze_sad.wav,gaze,sad
data/raw/TESS Toronto emotional speech set data\YAF_sad\YAF_germ_sad.wav,germ,sad
data/raw/TESS Toronto emotional speech set data\YAF_sad\YAF_get_sad.wav,get,sad
data/raw/TESS Toronto emotional speech set data\YAF_sad\YAF_gin_sad.wav,gin,sad
data/raw/TESS Toronto emotional speech set data\YAF_sad\YAF_goal_sad.wav,goal,sad
data/raw/TESS Toronto emotional speech set data\YAF_sad\YAF_good_sad.wav,good,sad
data/raw/TESS Toronto emotional speech set data\YAF_sad\YAF_goose_sad.wav,goose,sad
data/raw/TESS Toronto emotional speech set data\YAF_sad\YAF_gun_sad.wav,gun,sad
data/raw/TESS Toronto emotional speech set data\YAF_sad\YAF_half_sad.wav,half,sad
data/raw/TESS Toronto emotional speech set data\YAF_sad\YAF_hall_sad.wav,hall,sad
data/raw/TESS Toronto emotional speech set data\YAF_sad\YAF_hash_sad.wav,hash,sad
data/raw/TESS Toronto emotional speech set data\YAF_sad\YAF_hate_sad.wav,hate,sad
data/raw/TESS Toronto emotional speech set data\YAF_sad\YAF_have_sad.wav,have,sad
data/raw/TESS Toronto emotional speech set data\YAF_sad\YAF_haze_sad.wav,haze,sad
data/raw/TESS Toronto emotional speech set data\YAF_sad\YAF_hire_sad.wav,hire,sad
data/raw/TESS Toronto emotional speech set data\YAF_sad\YAF_hit_sad.wav,hit,sad
data/raw/TESS Toronto emotional speech set data\YAF_sad\YAF_hole_sad.wav,hole,sad
data/raw/TESS Toronto emotional speech set data\YAF_sad\YAF_home_sad.wav,home,sad
data/raw/TESS Toronto emotional speech set data\YAF_sad\YAF_hurl_sad.wav,hurl,sad
data/raw/TESS Toronto emotional speech set data\YAF_sad\YAF_hush_sad.wav,hush,sad
data/raw/TESS Toronto emotional speech set data\YAF_sad\YAF_jail_sad.wav,jail,sad
data/raw/TESS Toronto emotional speech set data\YAF_sad\YAF_jar_sad.wav,jar,sad
data/raw/TESS Toronto emotional speech set data\YAF_sad\YAF_join_sad.wav,join,sad
data/raw/TESS Toronto emotional speech set data\YAF_sad\YAF_judge_sad.wav,judge,sad
data/raw/TESS Toronto emotional speech set data\YAF_sad\YAF_jug_sad.wav,jug,sad
data/raw/TESS Toronto emotional speech set data\YAF_sad\YAF_juice_sad.wav,juice,sad
data/raw/TESS Toronto emotional speech set data\YAF_sad\YAF_keen_sad.wav,keen,sad
data/raw/TESS Toronto emotional speech set data\YAF_sad\YAF_keep_sad.wav,keep,sad
data/raw/TESS Toronto emotional speech set data\YAF_sad\YAF_keg_sad.wav,keg,sad
data/raw/TESS Toronto emotional speech set data\YAF_sad\YAF_kick_sad.wav,kick,sad
data/raw/TESS Toronto emotional speech set data\YAF_sad\YAF_kill_sad.wav,kill,sad
data/raw/TESS Toronto emotional speech set data\YAF_sad\YAF_king_sad.wav,king,sad
data/raw/TESS Toronto emotional speech set data\YAF_sad\YAF_kite_sad.wav,kite,sad
data/raw/TESS Toronto emotional speech set data\YAF_sad\YAF_knock_sad.wav,knock,sad
data/raw/TESS Toronto emotional speech set data\YAF_sad\YAF_late_sad.wav,late,sad
data/raw/TESS Toronto emotional speech set data\YAF_sad\YAF_laud_sad.wav,laud,sad
data/raw/TESS Toronto emotional speech set data\YAF_sad\YAF_lean_sad.wav,lean,sad
data/raw/TESS Toronto emotional speech set data\YAF_sad\YAF_learn_sad.wav,learn,sad
data/raw/TESS Toronto emotional speech set data\YAF_sad\YAF_lease_sad.wav,lease,sad
data/raw/TESS Toronto emotional speech set data\YAF_sad\YAF_lid_sad.wav,lid,sad
data/raw/TESS Toronto emotional speech set data\YAF_sad\YAF_life_sad.wav,life,sad
data/raw/TESS Toronto emotional speech set data\YAF_sad\YAF_limb_sad.wav,limb,sad
data/raw/TESS Toronto emotional speech set data\YAF_sad\YAF_live_sad.wav,live,sad
data/raw/TESS Toronto emotional speech set data\YAF_sad\YAF_loaf_sad.wav,loaf,sad
data/raw/TESS Toronto emotional speech set data\YAF_sad\YAF_long_sad.wav,long,sad
data/raw/TESS Toronto emotional speech set data\YAF_sad\YAF_lore_sad.wav,lore,sad
data/raw/TESS Toronto emotional speech set data\YAF_sad\YAF_lose_sad.wav,lose,sad
data/raw/TESS Toronto emotional speech set data\YAF_sad\YAF_lot_sad.wav,lot,sad
data/raw/TESS Toronto emotional speech set data\YAF_sad\YAF_love_sad.wav,love,sad
data/raw/TESS Toronto emotional speech set data\YAF_sad\YAF_luck_sad.wav,luck,sad
data/raw/TESS Toronto emotional speech set data\YAF_sad\YAF_make_sad.wav,make,sad
data/raw/TESS Toronto emotional speech set data\YAF_sad\YAF_match_sad.wav,match,sad
data/raw/TESS Toronto emotional speech set data\YAF_sad\YAF_merge_sad.wav,merge,sad
data/raw/TESS Toronto emotional speech set data\YAF_sad\YAF_mess_sad.wav,mess,sad
data/raw/TESS Toronto emotional speech set data\YAF_sad\YAF_met_sad.wav,met,sad
data/raw/TESS Toronto emotional speech set data\YAF_sad\YAF_mill_sad.wav,mill,sad
data/raw/TESS Toronto emotional speech set data\YAF_sad\YAF_mob_sad.wav,mob,sad
data/raw/TESS Toronto emotional speech set data\YAF_sad\YAF_mode_sad.wav,mode,sad
data/raw/TESS Toronto emotional speech set data\YAF_sad\YAF_mood_sad.wav,mood,sad
data/raw/TESS Toronto emotional speech set data\YAF_sad\YAF_moon_sad.wav,moon,sad
data/raw/TESS Toronto emotional speech set data\YAF_sad\YAF_mop_sad.wav,mop,sad
data/raw/TESS Toronto emotional speech set data\YAF_sad\YAF_mouse_sad.wav,mouse,sad
data/raw/TESS Toronto emotional speech set data\YAF_sad\YAF_nag_sad.wav,nag,sad
data/raw/TESS Toronto emotional speech set data\YAF_sad\YAF_name_sad.wav,name,sad
data/raw/TESS Toronto emotional speech set data\YAF_sad\YAF_near_sad.wav,near,sad
data/raw/TESS Toronto emotional speech set data\YAF_sad\YAF_neat_sad.wav,neat,sad
data/raw/TESS Toronto emotional speech set data\YAF_sad\YAF_nice_sad.wav,nice,sad
data/raw/TESS Toronto emotional speech set data\YAF_sad\YAF_note_sad.wav,note,sad
data/raw/TESS Toronto emotional speech set data\YAF_sad\YAF_numb_sad.wav,numb,sad
data/raw/TESS Toronto emotional speech set data\YAF_sad\YAF_pad_sad.wav,pad,sad
data/raw/TESS Toronto emotional speech set data\YAF_sad\YAF_page_sad.wav,page,sad
data/raw/TESS Toronto emotional speech set data\YAF_sad\YAF_pain_sad.wav,pain,sad
data/raw/TESS Toronto emotional speech set data\YAF_sad\YAF_pass_sad.wav,pass,sad
data/raw/TESS Toronto emotional speech set data\YAF_sad\YAF_pearl_sad.wav,pearl,sad
data/raw/TESS Toronto emotional speech set data\YAF_sad\YAF_peg_sad.wav,peg,sad
data/raw/TESS Toronto emotional speech set data\YAF_sad\YAF_perch_sad.wav,perch,sad
data/raw/TESS Toronto emotional speech set data\YAF_sad\YAF_phone_sad.wav,phone,sad
data/raw/TESS Toronto emotional speech set data\YAF_sad\YAF_pick_sad.wav,pick,sad
data/raw/TESS Toronto emotional speech set data\YAF_sad\YAF_pike_sad.wav,pike,sad
data/raw/TESS Toronto emotional speech set data\YAF_sad\YAF_pole_sad.wav,pole,sad
data/raw/TESS Toronto emotional speech set data\YAF_sad\YAF_pool_sad.wav,pool,sad
data/raw/TESS Toronto emotional speech set data\YAF_sad\YAF_puff_sad.wav,puff,sad
data/raw/TESS Toronto emotional speech set data\YAF_sad\YAF_rag_sad.wav,rag,sad
data/raw/TESS Toronto emotional speech set data\YAF_sad\YAF_raid_sad.wav,raid,sad
data/raw/TESS Toronto emotional speech set data\YAF_sad\YAF_rain_sad.wav,rain,sad
data/raw/TESS Toronto emotional speech set data\YAF_sad\YAF_raise_sad.wav,raise,sad
data/raw/TESS Toronto emotional speech set data\YAF_sad\YAF_rat_sad.wav,rat,sad
data/raw/TESS Toronto emotional speech set data\YAF_sad\YAF_reach_sad.wav,reach,sad
data/raw/TESS Toronto emotional speech set data\YAF_sad\YAF_read_sad.wav,read,sad
data/raw/TESS Toronto emotional speech set data\YAF_sad\YAF_red_sad.wav,red,sad
data/raw/TESS Toronto emotional speech set data\YAF_sad\YAF_ring_sad.wav,ring,sad
data/raw/TESS Toronto emotional speech set data\YAF_sad\YAF_ripe_sad.wav,ripe,sad
data/raw/TESS Toronto emotional speech set data\YAF_sad\YAF_road_sad.wav,road,sad
data/raw/TESS Toronto emotional speech set data\YAF_sad\YAF_room_sad.wav,room,sad
data/raw/TESS Toronto emotional speech set data\YAF_sad\YAF_rose_sad.wav,rose,sad
data/raw/TESS Toronto emotional speech set data\YAF_sad\YAF_rot_sad.wav,rot,sad
data/raw/TESS Toronto emotional speech set data\YAF_sad\YAF_rough_sad.wav,rough,sad
data/raw/TESS Toronto emotional speech set data\YAF_sad\YAF_rush_sad.wav,rush,sad
data/raw/TESS Toronto emotional speech set data\YAF_sad\YAF_said_sad.wav,said,sad
data/raw/TESS Toronto emotional speech set data\YAF_sad\YAF_sail_sad.wav,sail,sad
data/raw/TESS Toronto emotional speech set data\YAF_sad\YAF_search_sad.wav,search,sad
data/raw/TESS Toronto emotional speech set data\YAF_sad\YAF_seize_sad.wav,seize,sad
data/raw/TESS Toronto emotional speech set data\YAF_sad\YAF_sell_sad.wav,sell,sad
data/raw/TESS Toronto emotional speech set data\YAF_sad\YAF_shack_sad.wav,shack,sad
data/raw/TESS Toronto emotional speech set data\YAF_sad\YAF_shall_sad.wav,shall,sad
data/raw/TESS Toronto emotional speech set data\YAF_sad\YAF_shawl_sad.wav,shawl,sad
data/raw/TESS Toronto emotional speech set data\YAF_sad\YAF_sheep_sad.wav,sheep,sad
data/raw/TESS Toronto emotional speech set data\YAF_sad\YAF_shirt_sad.wav,shirt,sad
data/raw/TESS Toronto emotional speech set data\YAF_sad\YAF_should_sad.wav,should,sad
data/raw/TESS Toronto emotional speech set data\YAF_sad\YAF_shout_sad.wav,shout,sad
data/raw/TESS Toronto emotional speech set data\YAF_sad\YAF_size_sad.wav,size,sad
data/raw/TESS Toronto emotional speech set data\YAF_sad\YAF_soap_sad.wav,soap,sad
data/raw/TESS Toronto emotional speech set data\YAF_sad\YAF_soup_sad.wav,soup,sad
data/raw/TESS Toronto emotional speech set data\YAF_sad\YAF_sour_sad.wav,sour,sad
data/raw/TESS Toronto emotional speech set data\YAF_sad\YAF_south_sad.wav,south,sad
data/raw/TESS Toronto emotional speech set data\YAF_sad\YAF_sub_sad.wav,sub,sad
data/raw/TESS Toronto emotional speech set data\YAF_sad\YAF_such_sad.wav,such,sad
data/raw/TESS Toronto emotional speech set data\YAF_sad\YAF_sure_sad.wav,sure,sad
data/raw/TESS Toronto emotional speech set data\YAF_sad\YAF_take_sad.wav,take,sad
data/raw/TESS Toronto emotional speech set data\YAF_sad\YAF_talk_sad.wav,talk,sad
data/raw/TESS Toronto emotional speech set data\YAF_sad\YAF_tape_sad.wav,tape,sad
data/raw/TESS Toronto emotional speech set data\YAF_sad\YAF_team_sad.wav,team,sad
data/raw/TESS Toronto emotional speech set data\YAF_sad\YAF_tell_sad.wav,tell,sad
data/raw/TESS Toronto emotional speech set data\YAF_sad\YAF_thin_sad.wav,thin,sad
data/raw/TESS Toronto emotional speech set data\YAF_sad\YAF_third_sad.wav,third,sad
data/raw/TESS Toronto emotional speech set data\YAF_sad\YAF_thought_sad.wav,thought,sad
data/raw/TESS Toronto emotional speech set data\YAF_sad\YAF_thumb_sad.wav,thumb,sad
data/raw/TESS Toronto emotional speech set data\YAF_sad\YAF_time_sad.wav,time,sad
data/raw/TESS Toronto emotional speech set data\YAF_sad\YAF_tip_sad.wav,tip,sad
data/raw/TESS Toronto emotional speech set data\YAF_sad\YAF_tire_sad.wav,tire,sad
data/raw/TESS Toronto emotional speech set data\YAF_sad\YAF_ton_sad.wav,ton,sad
data/raw/TESS Toronto emotional speech set data\YAF_sad\YAF_tool_sad.wav,tool,sad
data/raw/TESS Toronto emotional speech set data\YAF_sad\YAF_tough_sad.wav,tough,sad
data/raw/TESS Toronto emotional speech set data\YAF_sad\YAF_turn_sad.wav,turn,sad
data/raw/TESS Toronto emotional speech set data\YAF_sad\YAF_vine_sad.wav,vine,sad
data/raw/TESS Toronto emotional speech set data\YAF_sad\YAF_voice_sad.wav,voice,sad
data/raw/TESS Toronto emotional speech set data\YAF_sad\YAF_void_sad.wav,void,sad
data/raw/TESS Toronto emotional speech set data\YAF_sad\YAF_vote_sad.wav,vote,sad
data/raw/TESS Toronto emotional speech set data\YAF_sad\YAF_wag_sad.wav,wag,sad
data/raw/TESS Toronto emotional speech set data\YAF_sad\YAF_walk_sad.wav,walk,sad
data/raw/TESS Toronto emotional speech set data\YAF_sad\YAF_wash_sad.wav,wash,sad
data/raw/TESS Toronto emotional speech set data\YAF_sad\YAF_week_sad.wav,week,sad
data/raw/TESS Toronto emotional speech set data\YAF_sad\YAF_wheat_sad.wav,wheat,sad
data/raw/TESS Toronto emotional speech set data\YAF_sad\YAF_when_sad.wav,when,sad
data/raw/TESS Toronto emotional speech set data\YAF_sad\YAF_which_sad.wav,which,sad
data/raw/TESS Toronto emotional speech set data\YAF_sad\YAF_whip_sad.wav,whip,sad
data/raw/TESS Toronto emotional speech set data\YAF_sad\YAF_white_sad.wav,white,sad
data/raw/TESS Toronto emotional speech set data\YAF_sad\YAF_wife_sad.wav,wife,sad
data/raw/TESS Toronto emotional speech set data\YAF_sad\YAF_wire_sad.wav,wire,sad
data/raw/TESS Toronto emotional speech set data\YAF_sad\YAF_witch_sad.wav,witch,sad
data/raw/TESS Toronto emotional speech set data\YAF_sad\YAF_yearn_sad.wav,yearn,sad
data/raw/TESS Toronto emotional speech set data\YAF_sad\YAF_yes_sad.wav,yes,sad
data/raw/TESS Toronto emotional speech set data\YAF_sad\YAF_young_sad.wav,young,sad
data/raw/TESS Toronto emotional speech set data\YAF_sad\YAF_youth_sad.wav,youth,sad
